The Feito | Lvcca,,8F8EB7A9-A142-4BEC-88AB-8A68A02DFB83,,,,
U7 VC | Samwa,MG,"5DB665F0-901E-4654-8CD8-049AF821301E
9A24D092-3E38-4AA9-AAFE-963342C1114A",,Vitor Menezello,https://twitter.com/vitinmenezello,"Luigi
Yoshi"
Tichamon,MG,CECD9377-DDB0-421A-AC8B-CF5BEF135858,,Ian Chamon,https://twitter.com/mtichamon,"Rob
Bayonetta"
deusramon,,F2A486B0-3FB1-42B1-B264-9ADC22404D52,,,,
Gabriel,,"5E90F3EC-2F5D-4554-89AA-F2FD19CB60CE
5D0CDA2B-49E7-44DE-822B-A872A1049817",,,,Mario
Vila Valks,,,,,,
Stenbuck,,985BA97C-9C54-4CEA-A025-3C40B3905941,,,,Ike
Lil,,CC40AACD-A60D-4354-B74A-E1ECD0DECAC8,,,,
Printeaa,,"A4A9F4FA-2CEC-46B2-973A-07DAD910EA47
8AB83DBD-6CCE-43EC-B638-034A3752E165",,,,King Dedede
Paraba (The Bard),,10F2901F-0771-4DB9-88EA-8F0C145DFBCE,,,,
,,,,,,
Claus,,DBEB9187-47C9-4479-9840-AC85B942C2C7,,,,Lucas
NaSC | Little Cheese,,F77125E8-1F01-443A-B7E4-25C9C153C2F6,,,,
Leow,,08AEB161-BCE9-44F2-AC4D-7EDA01115C98,,,,Mewtwo
GABI,,A3C3EAB2-A63D-4A6F-840A-48F352FD81CE,,,,Zero Suit Samus
Dwalkerr,,,,,,
Babu Santana,,95100890-E396-45BA-8C31-B71E284BAB96,,,,
Bira,,,,,,
-1,,2EA72D28-B810-4DE3-A8FC-574E40754B0D,,,,
EVERY,,,,,,
Batuque | Agiota,,6FCFCE72-B4B3-4D06-972D-70E8551AFA21,,,,
Monoke,,D67EE9DF-3760-49DF-9630-D7CEE38C8280,,,,
Zarabato,,BAC98691-CB90-4E1F-A51A-252BB306B420,,,,
Thay,,,,,,
Kyonne,,B3DC6C47-D0E3-4554-8561-B01710F365D9,,,,Lucina
Sávio,,,,,,
Guigas,PR,"C621F568-6489-4E99-95A1-61F0E4686E82
A70B867F-9232-4391-9FBF-E51DBF31A0E1",,,https://twitter.com/Guigas_Jr,Bowser Jr
Strikker,,,,,,
Souwer,MS,E395AD8C-8A52-4AC6-8E5F-695491689722,,,,"Captain Falcon
Little Mac
Samus"
Tsurie,,83E0C5F3-4F3C-4913-B1D1-D10E95B55971,,,,
OwO | RitsuoFox,,"3934F11C-E754-482F-8F9B-756A18842A98
96820D9E-F1F1-416A-BBB1-EF6E910EB829",,,,
Minecraft,,FEB73154-93AB-40C6-B0E8-374F19AAD539,,,https://twitter.com/McrxDesigner,"Roy
Terry
Hero
Ken"
Heypolit,,8C8F6982-BF01-4311-89F1-EFB5AA04A028,,,,
TcholaTeam | ArthurZB,,326A355A-7789-4E63-8460-2675FB97D0A7,,,,
Waifu | Headpat,,5C37C5A7-060C-4C0B-BE12-C618C73E8127,,,,
Lv 100,,,,,,Rob
Joeverton,,A62A611A-5FC6-47BC-BD37-D29ABBBE4699,,,,
Kiw,SC,FE2BDEF1-2EBB-489A-8953-1451E10DADA8,,,https://twitter.com/Kiw_Ez,"Fox
Falco"
AXelSMFF,,34388C5B-1392-44DB-ABF9-4077FAE709C1,,,,
QC | Youn doux,,02E7BBFB-2C3E-4E33-8FC4-121529DBCA0D,,,,
THL | Dust,,070AC9C6-21A1-4363-B510-313696C8CE5F,,,,
,,,,,,
PipocaxMC,,8BC223B4-29B9-4FFF-8FA7-671437E011A0,,,,"Ganondorf
Joker"
~JV~,,D9160B74-D31E-4D2F-B53C-8F5B4BEEDF73,,,,
Cardalles,,,,,,
ZeRo | FlipperG,SC,6941470B-B1EA-4F89-802E-C76D6686F5D5,,,https://twitter.com/FilipetaGomez,Jigglypuff
HGA | Metafee,PR,196A19B6-6E29-44B5-BD52-D0AE1B49F21B,,,,Wolf
PAULA,,81D8EDDC-637E-43C2-8BF1-F5245949DB08,,,,Inkling
ZaP,,F661A3F4-3955-4DB6-AEC9-3FDAED42612F,,,,
GTV | Guigz,,A9993882-AC8A-4CF7-ACD2-08B10805DF23,,,,
Gusman,SP,"395B1CE5-AFD1-47FF-B91C-22D11CEEA22C
0B6D3A09-3E5A-4CB9-9C68-3A76F05F3651",,,,Palutena
Rūkasu,,8DD06C23-B8BF-475E-A99D-E0F4434F0516,,,,
LinkForce,,,,,,
CPS | Holy,,539EBA92-AE0A-4A05-9073-A5E4D48EDC72,,,,
Retro Challenge | aLucard,,9C64BDA4-BBD8-4E4E-8A18-F9313EEC2FBC,,,,
otavio,,,,,,
Heitor,,AB436E6F-B1AD-4268-9DCA-DDEF68BF0282,,,,Inkling
JaDX,,22F82183-4B3D-4528-B217-8BC3956EB514,,,,Wolf
TUKABRITO,,134CCE95-713D-475A-BA18-F8DEE9F2D990,,,,
Gringo comics,,,,,,
Andy,,31CF79D4-306B-40B2-B68C-03227A1F99DC,,,,
Rosie,,F661CDD4-FFEE-47E2-B74A-B5101FE8A3E4,,,,
FSN | Player 7,SP,BC3CC2A8-FD90-4373-B731-94442A9802EF,,Paulo Janini,https://twitter.com/Player7akaP7,"Mr Game And Watch
Snake
Wolf"
Leaf,,D2DCA997-716B-4185-ADEA-C33E59D6BB80,,,https://twitter.com/Leaf91589165,Samus
AMDS | pepa,,14790C4B-518B-409C-A403-0D57FC3F35B1,,,,
PINX | Wrigglebug,,BF34577C-79A0-4EA4-B984-8E1FAA0CE341,,,,
Kaminari  雷,,48E2A8C6-D913-4D2B-BB6A-E3748BB38585,,,,
Crush,,4067FB69-3E3B-44E0-9716-51D76122701D,,,,
Jubis,,FB9EC2F8-BDF5-4D30-A915-2F737020DE42,,,,
13 | 13ddc,,88B084D0-4273-47DC-8143-5D68018AD325,,,,
Yakult,,519EA407-F4B5-4698-89CD-B6FF87E1F507,,,,
CGReborn | Seki,,EB878002-FA30-49E1-86FF-9F50EDC9169E,,,,
ROT | Caio Marinho,,48A8DAEC-DB25-4F77-BA11-86BA6D525244,,,https://twitter.com/caiomarinho_,"Bowser
Zelda"
Sabeth,,115D5A2E-06A3-4238-B5A0-CF17FA523B93,,,,
LaQ | NathanIWN,AM,"D2E49330-8BAB-42A0-BC0F-9327CCC20351
51997C77-23B5-4EC6-A853-BC19949FE39E",,Johnatan Azevedo,https://twitter.com/NathanIWN,"Terry
Lucina"
Arcadian | JohnJG,,330AEB04-199F-4A76-9155-D15E4821B470,,,,
Sydd,,,,,,
Xerather,,0BF307DE-92E1-4A60-A5E8-C106A0222EC3,,,,
V-Hawk,,,,,,
Bayo,,,,,,
Jesus` Hammer,,,,,,
MadHatter,,B4CB90DA-54E8-4BE9-8300-B98D84A6947D,,,,
Digo,,,,,,
Bandana Dee,,F757FB0D-3F5C-4040-B81B-78E6F56BC747,,,,
ForCE | Nix,,"603CA5EB-C840-48A5-9F2A-FE7E72448C6E
477FF6FA-AA83-4D83-9723-83C7A0F28C1F",,,https://twitter.com/william_saneto,"Palutena
Zelda"
SF | Gorom,,CE4326F5-A7E3-4008-91EB-09AF5C2571FE,,,,
LMS | GyoUranio,,1648379F-6236-41E6-928D-DA814C4F8AF0,,,,
TSL | Roy,,A95D2D00-B618-4D6B-A231-E160AC0E5706,,,,
LGueza,,91792026-9D19-4665-8085-3C8AF6185B37,,,,
Vook,,1DCDBD0C-DE22-4DF6-8923-018BE3AB47EB,,,,Chrom
SmashRS | Buttelli,RS,"76ABFCE0-6C30-415C-89FB-BE09336B6A06
B5FEA447-F656-4C1B-8C65-C66B7330EF83",,,,"Marth
Mr Game And Watch"
Mat,,437D5A26-7BC6-46D2-B151-5E4240BA8A09,,,,"Rosalina And Luma
Snake
Toon Link
Bowser
Wii Fit Trainer"
Okami,,536D67F9-A512-462D-9712-B091B34C06BF,,,,
lenightmare,,BCAB4F91-C446-416B-A773-8A9C87D726CA,,,,Mii Swordfighter
Dimitri,,"B56C667F-E645-4F67-9290-98EFA4CDA683
FB2CAB6D-4CBC-4F15-98C3-B5D273F89872",,,,
Kevin me chupar?,,46CCC429-94D0-458B-97AB-798A494BDB86,,,,
Cooks,,40530421-FBF2-414C-962D-8F05463C191A,,,,
Guilins,,5FA8BFB7-F4E0-4995-911C-E24D14EFD4A4,,,,
Philp,,,,,,
,,,,,,
Dilo,,683B1142-6962-4816-8A55-DFE8FCD1913A,,,,
[waifu] | marxseny,,F627DA06-0B21-4D13-9ACD-B9B0FF9CF878,,,,
Fiend,,,,,,
STG | Aias,,5E89DC58-0810-412F-A543-93280B8DBEDB,,,,
P5 | Ren,,11763921-7611-4301-BBD9-5AC9A1C81D26,,,,
RICARTNDS,,A1DA5F5C-C4AC-438D-8F0A-F7659BE495E4,,,,
,,,,,,
Green,,48BC233E-DF92-4250-9C2B-5C5A7A92E870,,,https://twitter.com/ItaloGreen16,Luigi
Ricky,,A4844545-58B2-4BDF-AC13-BBDFA55C8AC7,,,,Pikachu
CdL | USAM,,2BDC38D8-CC88-4716-8B47-AA0CF94A34F4,,,,"Joker
Terry"
Paulo Seiya,,,,,,
Peterete,,F7F4DAA5-54D2-4285-9AB4-A1EB02C0281A,,,,
FSN | Danadan,PE,"E6FC4BE1-95FB-44D2-9261-6AA7D3212A01
ACE644D1-E648-497C-BBE0-FCAB186F69F5",,Daniel Negreiros Araujo,https://twitter.com/dannegreiros,"Inkling
Lucina
Palutena
Pikachu
Sonic
Bayonetta"
Quill,,"5A687514-63BF-40F8-BF6E-C05B38F2D08E
EA33FD85-7E45-4440-9EFE-073EF36D7BD4",,,,Ganondorf
Vovô,,"C423C917-1DC3-4EFA-8D1A-E6BD603E2793
039955E1-628D-4166-A62E-00FD72229A89",,,,Ridley
N9 | Tanukishi,,3E25691A-ADF3-41C8-9A3A-806F34FD54AB,,,,"Chrom
Rob"
Floko,,"C36C9F36-7BFF-4EAF-B18E-79A2390A5FD7
9CC40E69-984A-4EFD-A3A5-3DA9852DA37A",,,,Daisy
KVB0,,09F3DD53-9307-4EA2-B7BE-81B0C51CA891,,,,
V2! | Bumbadump!,,3031445C-4D96-4818-BB52-D96ACB2CCDFB,,,,Captain Falcon
Jeans,,3F25AE72-C80E-4C40-BE79-0174EDC0B2AD,,,,
BESUNTADO,,FC728A97-28C5-4FBC-8EA3-DB55CEA434EF,,,,
Hotaru,,D0DFD4F9-385F-4AFC-8877-6D392D8068B1,,,,
CyC | Mint,,22B48A07-4824-47C4-A8F3-0CE31BC671DD,,,,
[TSL] Feraligatr,PA,7A249622-2D20-4577-BF41-9BC45C205E58,,,,"King K Rool
Mega Man"
k1ra,,D56B7038-463F-4C5D-8535-7B6F7513121C,,,,
,,,,,,
SemPressa | SemPressa,,A25CC116-FF36-48D1-BFC4-C9D0A93930BF,,,,
PLG | SKPeter,,E638F97B-F647-444E-8F79-4A48EDA3773C,,,https://twitter.com/skpeter_,"Dark Samus
Samus"
Mateus Groe,,E6F0A1BF-8A21-4849-B409-67F8F496E3A3,,,,
,,,,,,
Esculacho | B0ST4,,BC2DC782-DA6B-46ED-B342-1BF13EBABA6D,,,,
Noisaf,,,,,,
joao miguel,,,,,,
Everaldo | casca grossa,,,,,,
FT Obelisk,SP,"52EDABD3-C5F4-407B-AD0F-EC6A6D6D56A0
32BD0418-E0F1-4B91-A342-C88C06C6F924",,,,Banjo-Kazooie
LePabs,,A51B51B1-B658-4478-8025-56BB9BB7BDC9,,,,Zelda
Marte,MS,D0A488BD-C4B1-44D1-B45F-F4DD154F07BD,,,https://twitter.com/PistolaZen,"Joker
Sheik
Fox
Pit"
mda bugboi,,3A27CC1A-5446-4D0C-91F8-D688C7620053,,,,
EUA RT | BUBBLE99808,,8AA8E2F8-A394-417A-8F2C-E104E53A5C3E,,,,
GNC,,6C13A020-DDD4-4976-855B-43A0753ABCD4,,,,
SGP | Jayho,,70BD6FF5-3414-43A1-BD67-4B3225B2EC9C,,,,
P183,,0EB494BF-4F13-491D-95B9-11D68D36905B,,,,"Ridley
Yoshi"
Bago,,974D9355-CD57-4EDC-B323-B2E19E171DDB,,,,Lucina
Guzma_Sonoda,AM,BDDC0C0C-226F-4A3F-8F5E-D4252864EFC9,,,https://twitter.com/Guzma_Sonoda,"Corrin
Chrom"
TSD | FT Bloom,,D386E755-2AA5-471E-AE7C-99FDE68D286C,,,,
Enzo,,EFB84789-9889-4F39-BF77-A1A877FB978C,,,,
O Catestano | Jojofag Caetano,,09EE69CF-9A2B-4763-AFB0-28E97957C367,,,,
C3l3,,1B1F2266-0698-4FB4-BAC5-20E4E8E7A36A,,,,
Marcassos,,,,,,
SF.OwO | Dry Bones,,E3AED270-F5CE-4C55-AEA0-D084D6615A1A,,,,
Lady Sander,,FC792003-17E2-475A-B7E2-D1169E3143D5,,,,Ganondorf
Parma,,183E4D2F-41D1-4163-8829-21D9B5DA7C4B,,,,
Ivatto,,3FC94A29-3031-4099-9187-73413E9B9688,,,,"Joker
Link"
Jooj Emanu,,223B9F61-7436-41F1-9650-7A31BC887F79,,,,
LuanLazuli,,5278901B-682B-4930-BA6C-E1354C6A232A,,,,
CGMS | FierceD,,E79CE505-D800-40F1-8FF8-3F1FA90D7165,,,,
Luffy,RJ,"4C211CA5-2401-41AD-B8DE-97022F5D5E08
7262AD2E-D14A-48D4-9972-3BA8BEDED70B",,Luis Chavino Aranha,https://twitter.com/luffy446,"Inkling
Dark Samus"
SMC | Yoshi,PR,,,,,
Ronaldo Charuto,,,,,,
Holy,SP,,,,,Palutena
TwS | Mick,,223D409D-3B84-419E-AFB9-6A5A3A67B632,,,https://twitter.com/TwsMick,"Joker
Banjo-Kazooie
Olimar
Hero"
Benimaru,,08130AE4-5E4B-4BA2-BC47-B7BB66C1EDC8,,,,
Raphael,,,,,,Pikachu
GuGs,PR,47C88A20-D0C2-431C-AA04-9A9F7097EDB5,,,,Toon Link
Bolso,,399BFAB7-AFF2-4E99-A2A8-4214E45B45CD,,,https://twitter.com/FassoAirDodge,"Dr Mario
Pac Man
Ridley
Mii Brawler"
SCGMS | Headpat,,766FD45A-1265-4332-ABE7-A42D1D637D8B,,,,
Bitola,SP,DDE287F4-6001-4541-ADDB-C1E38F80F642,,,https://twitter.com/amdsBitola,Pikachu
Cerko,,B6A94538-2007-41D5-BC09-544C4604B187,,,,
SendNude,,6C218345-7BCA-41FE-A247-2B7471B71E60,,,,"Chrom
Roy
Joker"
Alexkidd,,77E40800-C91A-4F5B-AE8E-96F35F813294,,,,
,,,,,,
WFZ,,09379A04-28DE-4159-8BFE-F16DAE102617,,,,Pokemon Trainer
,,,,,,
Knox,,,,,,
SnowVPix,,,,,,
Jay,,,,,,
Erunno,,20EA4CA3-45F5-4D2E-B46C-65882FB81E63,,,,"Shulk
Terry
Zelda"
Strig,,57D71566-633E-4B0D-A07B-025309994007,,,,Yoshi
a13x,,D107756A-007A-4834-8598-18E2F353D8B2,,,,Zelda
Ectosum,,,,,,
SSK KIO,,,,,,Palutena
,,,,,,
Capixaba | Zackyo,ES,59D8B33A-BBAA-4EB9-BB9F-0BB39BE85A3F,,,,Ike
Haze,,FB75808A-A904-4DFB-A0BE-8DEB802D7ECB,,,,"Chrom
Joker
Byleth"
DSK,,0901146E-3B22-4108-8644-8503290BEAFE,,,,Corrin
Batatinha,,6B451754-2D8A-49C9-9372-D2CA5DA22BD7,,,,
SmashRS | Fonsie,RS,"BE22B8B6-F1EA-437F-B2F1-5718E0568771
A640D431-0731-4F76-B381-CF5B39657857",,,https://twitter.com/Fonsie191,"Joker
Zero Suit Samus"
Jojo,,706602EF-1441-4B8D-86AF-744B293E2FDF,,,,"Joker
Ness
Ridley"
,,,,,,
Happu,SP,,,,https://twitter.com/CakesHappu,"Daisy
Ganondorf"
Neon,,E8D8C704-2958-496E-9CD1-191921D391F2,,,,
Arma2,,C76B744F-754B-4232-A29E-DF5D3A25F7C6,,,,Palutena
CyC | Dom,,766F8317-1425-4B6A-B684-0FDCB3B45756,,,,"Mario
Snake"
DanRiser,,8CB05102-6FD7-4DD8-8372-30CE725DA875,,,,Lucas
HaremWeeb246,,FA0CD47C-100C-49CD-BB2B-1D19D3B8DDDE,,,,
Toxa,,ACAFF81D-087F-419C-A097-BF1E6B7D1485,,,,
Tossem,,,,,,
POYO | sandwich :),MS,AB0316B3-16CD-475A-9C93-0DD69ABABCDB,,,https://twitter.com/sansdvish,Piranha Plant
AMDS | 11115,,58E4F1A5-DA6D-46E4-8437-F869CCB14622,,,,
Keldeo 05,,6E899103-D859-4D47-B24E-2C28CED0E5A4,,,,
Ono,,B1B248FB-9482-4D2F-9946-23FE355E1210,,,,King K Rool
Airos,,831DA0CF-5CE7-4DEC-A8D9-250BDF72498E,,,,
Ciro,,,,,,
aDitzel,,5A6E2400-DAAD-4EB8-8AC6-68AAFEC4554F,,,https://twitter.com/alexandreditzel,Zelda
Vash,,A9A97FD4-4E93-4624-BB4A-1E4A9789B5FB,,,,
Dope,,7DEF91D1-072E-4747-998C-E033182B1A97,,,,Joker
iMel,,,,,,
Shin,,,,,,
ProRD | p1kapau,,61BFA20F-E18C-4706-B446-E3787B4DC187,,,https://twitter.com/p1kapau,Pikachu
Alef,,17553C3E-9C32-49FA-B701-E951E87EEA60,,,,
Pão,,BE051C04-0EF4-425D-AA26-5C6940007F63,,,,
PDorea,,454CF0E5-8B6D-4B78-BF66-EEA91890DFBA,,,,
Guigo,,A8392DB5-93BF-418F-ABE6-26480436225D,,,,
Pedrão,,,,,,
TSD | Monhaka,,223D0AAC-21CF-44B4-A05E-CEF7274B8793,,,,
twitch.com/TelinhoMcFly,,65553737-B2C9-41AA-A2FC-69AE24F79CBC,,,,
Lele,,8071C72F-04F7-445F-9AC9-48FCD27673DE,,,,
YarosFariam,,,,,,
PdG | Nico_Nonato,,A0960842-D650-4847-AD6D-61ED516D7DF8,,,,
Nay,PR,19DABC4F-8EDA-48AB-A9EC-1741B2DC8D22,,,,
SwiisleyU,,E8C26A63-6577-43EB-A808-D966BA302AE8,,,,Robin
SA | Jaoweijao,,,,,,
SF | Eidolon,SP,4FF0ECBB-8FDB-4A16-A22E-34B163CF3074,,,twitter.com/SFEidolon,Bowser
BW | Young N,,85A8E1F8-E234-418A-92AF-87C4581A76C9,,,,
Guido,SP,,,,,Pokemon Trainer
Peteka,,19A34BE4-5B92-4AAA-AAF8-DEA5815C6D11,,,,
AD | Elias,,,,,,
Delabari,,BD3EDA9D-3F47-4E29-9DC3-C56671E06F79,,,,Jigglypuff
Sizayoi,,7E3A4C9F-27C9-4A22-B62F-8F1F0C393323,,,,Zelda
fluffy,,,,,,
AlexLinkXD,,D332041F-85B4-4906-9A2F-E6071158F8B0,,,,
Leal,,"65A49EB8-5F0A-4710-8979-18408CF4FBC4
78CDA71E-94E5-4BA6-AF26-5C3AA8907BAD",,,,Ganondorf
SA | Joaoarara,,"5997CB6A-4DC2-4674-83E3-F358933C5009
A1C1CC43-46A0-48B5-9EDA-B8E4826378C0",,,,"Palutena
Wario"
Kvbo,,65578819-694D-4394-AEE0-1DDA0000DDE5,,,,
Caps,,F5BBE4C4-B503-4B24-81C5-680C2FDD6F14,,,,
Kheas,,,,,,
Boo,,91AF6902-BD54-4D60-80A6-6BCFB728877F,,,,Pokemon Trainer
JosiasMototaxi,PR,F140F49A-150D-427B-A192-8961053B77A0,,,https://twitter.com/MototaxiJosias,"Wario
Greninja"
AUG | BonitaoDaVovo,,49AB4F6E-F8FB-4383-9A5A-E5E23720AF96,,,,
THL | Derek,,C170165E-1779-47A0-A200-BB4101EBBF2E,,,,
TRAP | FantaSlime,,,,,,
VC | d0pe,MG,"4AA8EE88-5BA5-4F35-A4A0-FBC96CB62DC9
F009E38B-8B08-4BF1-800D-3C75150728C0",,Marcelo Prates,https://twitter.com/d0perrr,Pac Man
Tarcisio,,EBE7B79C-39F1-4F86-8E8D-D801FC0AC06D,,,,
SA | Arch,,F365E1B3-EFAD-4756-B23E-7CC4E6F4006D,,,,"Inkling
Banjo-Kazooie"
STG Aias,SP,6E3E5E44-2D8A-48BF-ACA5-87A4EB7F997D,,Vitor Caminha,https://twitter.com/aias_vito,Wolf
MSDG,,,,,,Wolf
D4C,,,,,,
MATTE,,4C4BBDE8-594C-4710-8253-69577FB8B10D,,,,
Lakes,,8F9143CF-6649-47F7-81BC-699C5615C2E0,,,,
Kovarish,,,,,,
Landin,SP,9E9E3DD9-66A2-4091-A446-44842F836222,,Matheus Libardi,,Young Link
Vituu,,532A6272-0065-4EF9-A8EE-0E92A1C510F2,,,,
Nintendi,PA,450A341B-3F2B-4CF9-BBD3-669AD9DE9E72,,Lucas Aleixo,https://twitter.com/Aleixo60260159,Peach
ChaosPrime,,7377E836-28DA-47D1-AF56-D5A014AB3B73,,,,"Dark Samus
Samus"
SSD4 | Jorge,,AE4EEFE4-6483-47E5-AB0F-1DC8B2F4B3E9,,,,
Medeiros,,,,,,
Nando,,,,,,
Kero,,786E512F-874D-4975-884C-79AB27CE36A2,,,,
Mathe100,,"0CDB7AAF-253F-4DD8-B3F0-2F7E78F11C90
692D94D2-D4C3-47CF-9CCC-9228A5B129F9",,,https://mobile.twitter.com/Mathe1003,"Joker
Byleth
Hero
Marth
Mewtwo"
Alpsilva,,704040DA-57F9-478B-999E-EEF491689952,,,,
Swiss,,,,,,"Mr Game And Watch
Bowser"
WasF | Ihmo,RJ,"3C0BF60B-F3A4-432A-9DA2-60092E7839E7
1A1371DD-6FA4-4687-B4C7-7C88AA04A6FD",,Rodrigo Castro,,Ness
Teets,,37EA7EB7-0BE0-427D-9C67-9DC7E0BBF104,,,,Chrom
Balas,,2886C19E-2133-402A-96CB-9CC36BE35BFD,,,,
Josué,,68232FE7-2F3D-49D2-B09D-6FF357F34C32,,,,
SA | Gim,,470EDB65-826B-4AAF-BD72-13F4C4969456,,,,Hero
Darkokkk,,060FA166-F238-4D64-A3E3-DD47D4E90757,,,,
RCS | Armcz,,"A59E6ABD-EC78-44E9-A381-EA07AA4CD996
2243B05E-7D94-467B-9E56-BD0D767ECFAB",,,https://twitter.com/Armcz_,"Ken
Ryu
Roy"
ronaldo charuto,,,,,,
,AM,,,Derek Ferreira,https://twitter.com/Alphastorm42,
FireZyn,,1ADF7398-57BA-474A-8F36-9A60AD756265,,,,
Gringo,,8B5940CA-108F-42CF-B794-521882573D8F,,,,
GUCCI,,,,,,
,,,,,,
Soll,,9BDA39B3-FC0A-4804-AE4E-E2DEEA46C124,,,,
Casuj 数,,D94DC37E-1B38-45BC-8A25-22EECED6A418,,,,Greninja
Rapha100,,,,,,
Matheus Silveira,,C7B6A74D-6343-4695-976D-C80F58EC3E07,,,,"Link
Little Mac
Zero Suit Samus"
Tiovisk,,964F0CA6-7109-47A3-85D7-C51856425E78,,,,Duck Hunt
Ray,,04915BF7-2E1F-4EA7-8667-17BC35C94B39,,,,Ness
SGP | TrevelinT,,533A6C29-0484-4556-8EBC-AA4AA3011218,,,,
,,,,,,
Micro,SP,,,,https://twitter.com/Pedro_Microso,"Inkling
Terry"
Noob | Ganon,,94AA2734-59BC-45FF-AAE1-0EB034648A11,,,,
SFG | Alma,,F844A468-EFB8-4915-8588-FD57CABDC6C5,,,,
SF | Tomoharu,,1EEA0408-9C59-4743-8389-5A985E7C491F,,,,
FT | Tonix Nes,,73832388-28E7-4F77-A071-58647C862820,,,,
Thorn,,839001D0-28D1-4AB9-8610-3B5916B51495,,,,
vinicius delfim,,,,,,
Slider,,6144569E-CA3D-4BA7-8A56-C7EFB84363FB,,,,Inkling
FierceD,MS,BF11C8F2-7302-4A1C-B7AE-4D98F9578B7A,,,https://twitter.com/Nyarlatotepp,Samus
NaSC | Leonhart,,D3C57870-99C4-4F87-B6DC-3026CBB9BF28,,,,
n0t,,DA2CC089-0D83-4A19-9AF5-9C5259FE9C8B,,,,Kirby
Miźenkai,,3B02DD2B-CCA6-4CB0-9204-40A6848BA411,,,,Roy
Käze,,B3C42BBF-8B67-4413-83D8-AF0E706E2C1D,,,,
Roberto,,21F2F640-EB93-4770-AA4E-CF3E626CD19F,,,,Cloud
Pirigótica | Luffy,,4C211CA5-2401-41AD-B8DE-97022F5D5E08,,,,
FullMoon,,309E12CD-409B-488B-B777-97509CC9AFFF,,,,
Maroli,,D1B11F6B-ECDC-4139-9E20-867313C62DD4,,,,Lucina
c0ox,,"AFCE92B0-5019-462F-B950-F140A2D98D02
9520D467-632F-4D53-9D55-52C069579222",,,,Ganondorf
Anhanha,,,,,,
Ryu,,,,,,Sonic
@@@@@,,0610FB10-78F0-4E8A-B754-5D723534D54C,,,,Snake
Limão,,1376EDB2-83CF-447D-B2AE-40382F4772F6,,,,
JOM,,DFF7FE4B-23D5-4CE4-8375-EDD0DFA1FD08,,,,
OwO | Danchlax,,3FCEA0FF-33D0-4B84-9A29-A8A3D388F543,,,,Inkling
Geek,,B2DB3D2B-81F4-47C4-B210-8892A493EB37,,,,
Dr. Lemos,,18D20CE8-DA9A-4BA4-9B4E-0162D21A4D20,,,,
HGA | Garrinn,PR,C7D7272F-1590-4260-A457-8D19B7973B7B,,,https://twitter.com/gchuinca,Falco
WoH,,E3E52138-DF18-4325-9538-A1022E1AC34E,,,,
Br | Brener,,6F117A6B-7048-4A56-BAB1-934F202E373A,,,,Little Mac
CPS | Théo!,,,,,,
italomi#0763,,,,,,
Joshark,,626FAC68-9D39-41FE-AF9E-2E280DFAEF6C,,,https://twitter.com/Joshark_,"Falco
Fox
Pikachu
Wolf"
HQloko,,,,,,
Br1,,D5E106A3-D559-4689-B908-D4DDF65EEA70,,,,
Sinner,,4703614D-2602-4471-8DFE-3AF821793365,,,,
Tavioow,,BF437A63-520E-4385-8A68-382C92169673,,,,
,,,,,,
TwS | Dypherius,,06EE9C55-FF40-4A73-A03D-B83D05E42D80,,,,"Link
Lucas
Kirby"
,,,,,,
,,,,,,
BradalSb,,37AF3CD6-9C65-4A58-BAC1-74A33347EFEC,,,,
MonoQueen,PR,7E765A7D-A668-44C8-9AA4-093E92F9116F,,,,
Iozzi,,5580B621-886C-4ABA-94B1-DE76931A6829,,,,
Juze,,CFD2AAE3-8722-473A-B1BD-18B40FC493F6,,,,Mega Man
Cobra,,"AB459331-CFC8-4A49-A51E-051F735A66E7
894E4735-1A45-4D3C-BB27-036CFA82E7F7",,,,"Link
Pikachu
Samus"
Rates,,17D1FAA2-FEB8-4E4D-99A7-0448C19BFBBA,,,,Lucina
Hawk,,9BAB3B77-158A-45C0-B6B6-0F52BAFDA5F5,,,,Lucina
Joltareon | enem,,74E3AB6D-BCF4-4F54-BCD3-67D4323BA988,,,,
,,,,,,
Wrigglebug,,,,Henrique Vidotti,https://twitter.com/Wrigglebugs,Lucas
Kenonver,,,,,,
TwilightSquad | FireBrand,,1AF08E58-C1DD-4801-B4E0-66E2AFC5F5C9,,,,
FelipeO,,91F66083-8025-4671-B900-06558FED9B8D,,,,
Santana,,"206C5814-90AB-46B4-92AF-EF1919136C0E
D6D1DAD2-A126-4BBD-A04A-7B16AFE11ABE",,,,"Chrom
Inkling
Joker"
ForCE | Detz,,"1582306D-4198-4B7E-AC86-8B390CA3CC27
2EC4618F-8A34-48F0-9BB2-93019808B712",,,,"Mii Gunner
Pokemon Trainer"
Paulo Seya,,,,,,
SmashRS | Lukitu,RS,C96B3E86-C08B-4D2D-9CCF-C56BEE46922F,,,https://twitter.com/LukituRS,"Inkling
Chrom
Palutena"
O inefável,,663F93C8-356D-476A-873B-DF8780152103,,,,
Niz,,A43D8CA3-74F6-4D0C-8EC1-12E739D5AA70,,,https://twitter.com/gui_niz,Marth
Bacelar,,8ABADA5C-790F-42FB-90AA-101D220CB6F7,,,,Pikachu
CaptainRaz,,,,,,
NickNervous,,C441EEAB-3A2A-46E8-8F27-CE9494DF6F13,,,,"Palutena
Ness
Olimar"
Glaubinho Lindo,,48E9F0CA-990B-4B64-A000-0CA6A93ECB47,,,,"Bayonetta
Incineroar"
Nitro,,,,,,
ROT | Naty,,91AABE02-EC8D-4BA0-94C8-647759CFE907,,,,Zelda
LápisBranco,,3FD5FC06-DC97-4FA7-9539-57A160426AE7,,,,
SoFalo | Groselha,,66568AD9-A96A-48C6-B0A5-4C0AD9E200EF,,,,
Casciola,,83BEE485-1761-4817-9392-678DB6D3C139,,,,
Aceblind,,6EF98624-DFDF-420C-9F70-DC397CC9302D,,,,"Inkling
Dark Pit
Pac Man"
TwS | Wright,,A72DE6DD-6529-4B9F-97D5-11B576F1F947,,,,Zero Suit Samus
Gustavoelleres,,E8C602B6-4047-4161-B674-454B961063AC,,,,
LeoPereira02,,6A7E0D99-B68D-4031-9CF6-3C7CB749F6C6,,,,
MDZS | Lali,,24216D9E-7704-45DF-9E52-A0629C801185,,,,
Mushka,,,,,,
Guilguis,,82020663-462C-4525-9386-870484C641B8,,,,
Detz,,,,,https://twitter.com/Detzfl,Mii Gunner
Locky,,,,,,Terry
AdK | Zate,MG,254919AB-DEA0-42D3-8779-42B1C2EDD062,,Gabriel Nascimento,https://twitter.com/zatefgc,"Dark Pit
Mii Swordfighter"
SirVt,,,,,,
Malveth,,0DBD5C34-A3A3-4A92-8967-40EEC0228F0A,,,,
Joffre,,BDBBB7D8-25C5-4F93-8B8C-50F30B68E6E8,,,,
LuisHMA,,F331142E-06E0-41D6-92BB-A8FFD44FEC3D,,,,Terry
Laserotto,,6FD4405F-BA1E-4A34-BAA6-F9DF34EB6A8F,,,,"Shulk
Wolf"
ForCE | Mr. Leo,,CE9A7FC3-3BED-4BD3-8DAC-AD2C95BB2480,,,,"Donkey Kong
Luigi"
N9 | Bins,,"61F5486E-179D-4F72-A74B-99FD0126D84B
0EC8BBE3-1631-438D-A4E5-B9737A523DFC",,,,Bowser
Bahia | Hollow,,602FC298-C750-4CF9-A9D3-31018851B154,,,,
RCS | Wendell,,13E5BD91-C698-40A2-B904-D00B25879EAF,,,https://twitter.com/WendellSSB,"Snake
Lucina"
Tonyn,,667FE08E-DDDC-4EEE-AD44-AF31CFCA8BF2,,,,
conker,,63DFEC9E-17C4-480D-B822-6FFD8EC73F96,,,https://twitter.com/adrianoconker,"Link
Palutena"
Edmundo,,D6E7524D-FBB8-4858-A4B1-874C4F1E4251,,,,
Joao,,DB480B1F-DDBC-4E8D-83A2-454E3E60BB02,,,,
,,,,,,
Tosin,,,,,,
Peteru,,,,,,
Berbs,,EB7BEA3A-6890-4236-9E89-9EEAB769EA87,,,,Mario
TSD | Alves,,53A2891D-E63F-4116-919D-AF057FC880B8,,,,
Ermond,,D30E63D0-60A1-41F8-81B5-9FCD03F764AE,,,https://twitter.com/Ermond_Viana,"Joker
Roy"
Schabelle,,,,,,
Phonix Wrong,,E0FDC539-BFEC-45B2-AF92-BCB6EA6D613D,,,https://twitter.com/gbcordeiro,"Bowser
Captain Falcon
Pichu
Pikachu
Sheik
Snake"
Phodes,,CD4510AE-EFEE-47FE-93E5-74C0923789A0,,,,
STG | Banukai,,4DBCF347-0F20-43C3-877A-3A70905FDAF8,,,,
WasF | Amortax,RJ,"8088E433-C056-4DE9-B1ED-7E3957655710
D9DE4DBF-A45F-4BA5-AD35-3542933CA3F2",,,https://twitter.com/Amortax1,"Yoshi
Bowser"
Jiro,,,,,,
mafe2233,,05B628E2-9185-47F1-A20B-F7981EEE6CD2,,,,
Cainã,PR,5F3191DF-18FE-4655-B500-34F90BF1AF49,,,,Zelda
Ramzaq,,FFC70A92-7647-465A-90F7-9E748818D2CD,,,,Yoshi
Voi,,7E880124-16DC-42CE-859B-3D2F5D454066,,,,
Iraklis,,730B1707-771D-4BD6-A77F-CDAC2BC2E0F1,,,,Ike
Gabi,,,,,,
Suke,,118E29CD-3DED-4E7A-8650-359ECBC65938,,,,"Mario
Wolf"
Manolos | Manu,,85757EA4-C9B0-4714-B54C-F2DD43013A27,,,,
,,,,,,
Marcello,,A052342E-AE4B-4AC9-85AE-55ECCA97FD70,,,,
Rhunii,,C194E446-6E62-4C8B-9072-2A13A06E51D4,,,,
kebab,,,,,,
Slashinho,,,,,https://twitter.com/Pedro_BCA,"Zero Suit Samus
Mr Game And Watch"
YFST | Quilavis,,A8C2E4E1-F781-4FE8-9F01-B0BC98A13E8D,,,,
Zizi,,7D635934-443F-4234-84A8-2AA49F61EE26,,,,
Gatho,,F22753FC-883C-4068-ACD9-4D2731CF758F,,,,"Mewtwo
Rosalina And Luma
Snake"
TSD | Cithalo,,F3C8BBA0-6CA3-4FAC-BCB2-70858F51F22C,,,,
Flad,,,,,,Lucario
Striwe,,6EA00CF1-1C28-4569-9A30-8791577FBC0E,,,,
Shinuw,,743FFCDC-1B02-4E17-88A8-14A81FBBFBAA,,,,
1234_heros,,84DE1821-8249-46E6-982B-EDD70AAFE7DB,,,,
VanillaIce,,1A217895-DD9E-427A-AF04-C877825398A0,,,,
BC | RoD,,"1984C832-E82D-4D2F-8B13-FA31B57B86E5
8BD75881-346B-4992-A6E3-3B1B1DC833E2",,Rodrigo Santos,,"Pikachu
Kirby"
Ladysander,,70396179-CE2E-4176-B3F3-F0C25DF52FF5,,,,Ganondorf
Luke_Leal,SP,"4610F403-F044-4B9A-958A-0F6FAA8F87FE
CC82E21B-435C-4C86-A6CB-216DC859A655",,,,King K Rool
Matt,,,,,,
Kid,,8C79F360-9814-4CD9-8A18-5C839E2BFDFB,,,,
TESA | JohtoMacFil,,0E70E8C7-1F34-49BF-8456-A40F0941176A,,,,
,,,,,,
Lordkks,,643891CD-8E43-4924-BB65-E8EEC2F0911F,,,,
Cone,,8C9C0902-A8E2-458F-ADAB-9813E18B06FA,,,,Bowser
Hypnotic,,60AFD189-0839-4A36-ADB3-C2BEE94EED47,,,,
Thisgo,,51149F82-390E-482A-9775-7B8C967C09DD,,,,
,,,,,,
NG | Toon,,4BB29E69-446F-4116-B640-125F92CDFD07,,,,
Romorlau,,"121B5C93-F0DB-415A-84D5-3F43FE7CC38A
F8FCFAF4-305C-46FA-B813-F7799C1564E8",,,,
Bruh's | Robalo_Du_Mau,,FA629A1D-13E9-4FA3-8231-DAEF57BDEC85,,,,"Captain Falcon
Ganondorf"
Papagaio Mudo,,38F33C7B-27C7-43CD-A078-EF2C43BB5137,,,,Greninja
O.N.U.,,,,,,King K Rool
Cooki,,B873B62A-A3F0-4594-9D3E-E26A342B31C3,,,,
Vida,,,,,,
Givago,,BCBAB4A2-80C5-4026-A9EA-C563747BC35D,,,,
TB | Gucci,,,,,,
BeBop,,DA316796-65D3-4BD0-9122-274EB970EB07,,,,"Palutena
Captain Falcon"
COOKs,,343395AC-FF77-40C1-AA96-AC046F4402D0,,,,
TSD | Alface,,485211CD-1645-4DEA-8E01-7F8E1A308C5E,,,,
Mil Grau,,04826A5A-CC52-482C-8A99-6C1FB91FF230,,,,Dark Pit
Purin,,,,,,
Alvis,,4F20822F-F8A8-4680-B876-A59A0FD601F6,,,,Snake
Fialhitos,,44DD6DB3-13CD-4DC0-9C6F-71E788049D1A,,,,
Soulzonik,,,,,,"Banjo-Kazooie
Link
Dark Samus"
Havel,,C925EBDB-37C9-4C21-9118-12D13E16AB6F,,,,
Luckstorm,,1858ED68-8C37-4F18-BBB1-134867C94A2A,,,,Chrom
WasF | RevoS,RJ,"997E1433-2D52-4937-8C33-92EC6D7AD975
BE014747-77A4-4CE2-B318-BBDF65DD9547",,Leandro Revoredo,https://twitter.com/_RevoS,"Sonic
Greninja
Terry"
Tal | Gin Moon,,0D8B4A84-476E-4852-AAAF-B7609D30B857,,,,
Hunk,,319AE858-DA4F-49FF-8B8A-E51B6ED2358D,,,https://twitter.com/Hunk_Link,Link
Paeto,,99D68C3E-EE43-45A9-9ABE-213F054E9537,,,,
Taboo,,962E0868-9F01-4C10-96ED-A25C9BF2518F,,,,Bowser
S.E.R | MonkeyD,,F52D1C39-A58C-483F-B303-73C1100ECE6E,,,https://twitter.com/BillDenbrought,"Captain Falcon
Toon Link"
Yakamaka,,,,,,
Roma,,4FA10203-7700-488B-B5C0-0956823416FC,,,,
FLAMENGO | MiniVegeta,,D18F4ADA-AFEA-4E69-979F-F830ED4D25D0,,,,
Kite,,C97AA880-96FD-4114-8A6C-CB3F49FB1FFF,,Ciro Miranda,,Lucina
MDA | ZennnY,,4BF55C21-DE90-4930-BAD7-94D90CF3E995,,,,
Silver,MS,A5DC8329-9F52-45D7-AB4B-E336A343C894,,,,"Corrin
Lucina"
Chico,,,,,,
Gestalt,,BE1148E1-B858-49D9-B9E6-73F61B3FDED2,,,,
MDA | BugBoi,,,,,,
Capitão,,920AAA3A-AFAD-45EA-AC0E-062658044AA9,,,,
Gin,,A30C786D-06C1-4CE3-846C-08F68A3B6950,,,,King Dedede
DANKID,,E894B792-9F9E-4DC4-B34C-E7AC118A1EE3,,,,"Lucas
Ness"
Gusta,,5FD8370F-3B5D-4370-AB4B-D74CDABC5A6D,,,,
Iago,,"0028CDE1-34C1-4326-945D-9A37DAD4D389
80543216-ADB7-44ED-B771-F0145CDCED54",,,,
SGP | TheInsaneDarkOne,,A67A6843-B584-477D-BD6B-35470A4F0F0F,,,,
Alface,,,,,,Zero Suit Samus
CyC | Linhares,,F0B68659-7F9E-47DF-B359-136A9466D14D,,,,
FF,PR,76E58241-A1A7-4BC1-8F52-D34BD3C7A2F1,,Felipe Fabricio,https://twitter.com/FelipeFFF25,"Banjo-Kazooie
Bowser
Ganondorf
Hero
Ice Climbers
Mii Gunner
Robin
Samus
Zelda
Byleth
Ridley
Rob
Mii Swordfighter
Mii Brawler"
uchihajuni,,A2778EC4-78A7-4326-BC7F-015500DD11DC,,,,
Ssilds,,7330A473-6373-400C-A524-44FF6F156E10,,,,Roy
Rafa,,,,,,
Tankboy42,,CD128CFB-4ABE-4773-9FB0-479F9C221496,,,,
Lol idk | Fish,,341B5598-E919-4107-A0A5-6BB8E5DA6635,,,,
LGBTQ+ | yoq,,8C3FDE6B-86F9-4E3C-A631-AC0CEB1BF1A8,,,,
Nick,,6D31AD16-8324-4831-B7AA-EF2F06331A77,,,,Joker
BDB | WFz,,C7631972-A96A-4CA9-AF2F-E786B988DE29,,,,Pokemon Trainer
Andrei,,CA729099-D33A-49BB-AC78-CFB308C177BD,,,,
Miguelindo,,991FBF1A-FDB0-492E-9CCA-38605CA53AE4,,,,"Zelda
Isabelle
Pac Man"
CPS | Thelo,,3D033633-7CEF-4A6C-886A-CD83FC633880,,,,
Flechinha | Dvd,,9506FDE2-8948-4B5D-B89F-B2676B742C97,,,,
Kaitos,,679B8798-FDD3-4B1A-A0B4-3B7667E897F9,,,,"Ganondorf
Dark Pit"
EleMesmo | Bahia,,B8D2D5D1-0D31-4AB4-9BC8-A358AE98E1EB,,,,
Jao,,0E013CA2-BF5C-4AFF-823B-BB45A8A8DEA7,,,,
Pixel,,23566B30-34F7-47B3-906F-645862EEEF79,,,,Palutena
My wallet | Jaaum,,2E5D5A36-8E40-416F-BACF-B68AA35B68ED,,,,
Leonardo Pires,,,,,,
MnZ | Dom,,,,,,
SirVT,,E9610356-84C7-4860-A844-94933F50998C,,,,
G.C.S | Guilherme Brito,,,,,,
ratu,PR,FC54D399-6683-40AF-B891-EAB042E95743,,,https://twitter.com/alagartte,"Peach
Sheik"
WASF DASH Zord,,CF9C7529-1DD0-4129-A22B-8127AC932120,,,,Lucina
Jon,,C20B9D64-E907-40E4-BE7A-1553A26207A8,,,https://twitter.com/DodoTheMighty,"Captain Falcon
Mario"
NaSC | Y8shikage,,2706FA56-357A-4D13-8087-636915BC91AA,,,,
SSBPE | Phonix Wrong,,AC347DCB-4468-499A-ABC6-A0C857985903,,,,
Khabrito,,2D777E01-AC1A-48D4-88FD-F914D7032CD9,,,,
Bahia | Joan Acarajé,,5951E7A3-7106-4141-8469-4836398AD3DB,,,,
Flechinha | Danloro,,56C01995-1853-4ED1-9890-2DDA74B86D2A,,,,
WasF | Sky,,"E3A82846-7B07-4280-9A20-652C4EBA1A57
1F2B205E-C2B1-47E6-AD80-D5DD4B32194D",,,,"Olimar
Mario"
Flautista,,EAE7943A-B02D-4554-B2DD-FD6638422873,,,,
,,,,,,
Mr.Zitu | Mr.Zitu,,F408999D-B1D9-41AC-A1C5-6DB671EA6C1B,,,,"Falco
Mario"
Samwa,,ED3CC55B-973A-421F-8899-841A354E019F,,,,Luigi
Yoshi,,616D0E18-EEAB-44B3-A9DD-8949D6AF3FBA,,,,
Wokemon,,66A2C44A-3903-44FE-A270-1AC5D05F428D,,,,
Paulo,,"B680700F-FD96-466A-B477-E877E11242DB
800E9B79-26B9-4194-AB77-660DC5AF1174",,,,"Yoshi
Wolf"
SSD4 | Gasolina,,96A7D14C-99F4-4D29-8B39-087B3CB1B2C6,,,,"Lucina
Wolf"
Thales,,D41A5861-67A1-47F8-9A73-1C41044A0089,,,,
Maenu,,E966D1C8-328A-4AD8-AA75-235C5BB6035E,,,,Joker
juninhowii360,,2E1366ED-64DC-481C-A6D5-7FE9BBEEADCF,,,,
B3ngala,,0AE5B1A8-851B-4F0E-995C-2B9A51BC9C26,,,,
bløwer,,CEB65FF7-CC45-4ED9-8814-AB92572F6DDD,,,,
Feps,,,,,,
Antonio,,991F4863-2F76-4AF7-B95D-645EF1C1187D,,,,
Nicknich,,56897B1E-FD81-413C-818C-C158091E89B0,,,,
Pedrones,PR,BC26BD18-AD61-42DA-92FB-45AB003763D3,,,https://twitter.com/AngelPedrones,"Little Mac
Chrom
Terry"
MONSTERHUNTER4ULTIMATE,MS,F1D3570F-9535-4760-8DE0-FFDB52F8D2E4,,,https://twitter.com/845r845,"Jigglypuff
Mii Gunner
Palutena"
Blaze,,8D212AB2-B4FD-4506-B47A-C7166478880A,,,,
Nyer,,3EB3F7A7-143E-469D-B06E-197F918673A8,,,,
Jars,,A70F294A-0AD3-4A30-B6A1-85250342AC6B,,,,Cloud
Resende,,,,,,
Temio,,6B1DB5AB-7D46-496A-8B49-64A58EEBC044,,,,Joker
DelPlays,,1FB5E05F-B065-49DA-AD4C-78AF59A577CB,,,,
GotM,,7948B8B3-2AE8-4163-BFD7-20911B0168C1,,,,
acerola,,684C4062-1BB0-436F-995E-E1A9028C95B3,,,,
Emmanos,,81A1BD34-5363-452C-90B0-27F4E80E3D36,,,,"Mario
Rosalina And Luma"
Márcio Pato,,,,,,
SA | Naval,,C1BFE0F5-48C2-4C75-9995-74E01BD9EB82,,,,Pikachu
PK2,,E97F0EB6-73C1-4B84-BCB1-DFCDCEF9F4B1,,,,"Rob
Snake"
PhantomFogg,,F45601DB-445A-4E4B-BC23-172D107C2B18,,,,
ShyKokiri,RJ,"F9ED906A-A540-43B2-AF62-3611D9CE9506
DFCF5505-3E29-4FD6-A418-5C40C9BF7562",,,https://twitter.com/caradeoculos0,"Hero
Ness"
MHT | Ryujin,,5F8F6D57-DD6F-46A8-93C6-C359484C6554,,,,
Vitor Pimenta,,,,,,
Tozo,,,,,,Ice Climbers
FFran 2247,,1E00283A-D12E-4F50-89EB-218EE1D59D6B,,,,
Guts,,4C14749D-2FA8-450D-8103-A33A093F3611,,,,Bowser
MnZ | Rudy,,,,,,
THL Derek,PR,"C170165E-1779-47A0-A200-BB4101EBBF2E
6998188C-2ACB-44E9-9D66-74B89670EFF5",,,,"Fox
Donkey Kong"
Lucas (Crédito),,DCB2F8BA-2C9C-498C-A04B-15188C052EE2,,,,"Mr Game And Watch
Peach"
Bizerro,,90C7C345-A51D-4EEB-91B1-E38209A1C855,,,,
U7 Zohup,SP,22673A79-9D2C-47B5-B25E-E8B157DF436A,,Bruno Escobar,https://twitter.com/Zohup,Banjo-Kazooie
Bahia | Mike da SWAT,,E88E9C13-EC8A-41BE-BFAA-8AD1862E705B,,,,
mda vacilo,,,,,,
Rod,,,,,,
Mafagafo,,F7FB7AD1-36D7-4030-858D-B86C219470C6,,,,
Ellian,,,,,,
Xelpi,,B6FD4247-8A42-422D-BAC4-22397F3F5CA5,,,,
Piu,,69367B3A-76CA-4B39-9960-4E26434DF40D,,,,Little Mac
Lobi-san,,3229EE44-754E-413E-A800-D638DDE90C87,,,,
Darshell,PR,"FCD6493F-6E37-4F08-A7E3-328C30F8E260
B29A3678-910D-4366-83A0-9B53D04921A7",,,https://twitter.com/_BrunoBRS,"Richter
Marth"
Antonio Marcos,,,,,,
Hollywood,,6CA74AFE-C890-4121-86CD-C6DEE6DCACAC,,,,
TobyToyCP,,878DEA67-6573-496E-AD2E-CD3D574CA960,,,,Kirby
Suzuki,,,,,https://twitter.com/jo_suzuki,
VITINN182,,C609F747-B039-4D0A-A9B1-70777F1E6B5F,,,,
Torya,,,,,,
TB | mysterE,,093FBEA3-0736-4045-9236-E605730F1949,,,,Lucina
Bike,,,,,,
Pirilampo,,"173C9273-EB09-48A9-851F-2F95BC38BEF4
22FD4305-8895-4374-A328-64B92422BAB6",,,,Ganondorf
UWU | Arnost,,DD918DB5-4FFA-4422-8858-2DF903A9F38E,,,,
Ferri,,9957BBCF-B6DC-4653-BFC6-7244AFBC7CC1,,,,
,,,,,,
Just5K,,D5F6AA50-68C7-475B-A4FB-1AEF6F977A73,,,,"Inkling
Cloud"
Lilith,MG,"D0EFEC50-7BA6-4554-8240-214B79ECB6DD
F9C3CCFA-7383-44C5-A7F7-835F2D3B5EEE",,João Quaresma,https://twitter.com/joaoquaresma21,"Palutena
Peach"
Jetstream,,513D619A-D3C1-43B5-A875-3F8AB91ADFC5,,,,"Chrom
Roy"
SF | Takao Itonaga,SP,4620899F-B6DD-489A-A446-E5D22DE3BA49,,Marcelo Itonaga Sato,https://twitter.com/TakaoItonaga,Terry
Bløwer,DF,"CEB65FF7-CC45-4ED9-8814-AB92572F6DDD
B754B648-C86C-4A58-96DF-74702229CAFE",,,https://twitter.com/ehoblower,"Ken
Bayonetta
Marth"
SA | S/Chance,,"D9A40776-FB38-4F59-AB85-CDFFFDA2925E
FD492455-A644-416A-87AC-4FC2F90A484A",,,,"Zero Suit Samus
Pichu"
Flavio Jr. | Flavio007,,2A435559-B882-4E57-8F48-4A16C435C16F,,,,
UF | Anubis570,,998DA131-8276-4AB9-BC45-F8BD4D0F6B55,,,,
ggggggg,,,,,,
Guga,,72DE4ACB-A60A-4C72-869E-548DA801421E,,,,
and14488,,FF9B4D06-2CBA-45D2-BF42-84FEDE457EE1,,,,
Josias mototaxi,,38EA5666-E31E-4AAF-8536-DFDAA6C8BFC3,,,,
Quesitos,,D38B8554-E58F-47A5-9FAA-9B8E1898ADFD,,,,
Anubis570,,57EE7B13-1A0D-4C9F-B2F5-0BF2C785E2C5,,,,"Joker
Shulk"
Emp,DF,"10E6DA1A-A863-4291-8BE1-2C327DE2B2B8
3410F4AE-67FB-49FD-A949-035A83EB735F",,Fábio Farina,https://twitter.com/emp_ssb,"Joker
Chrom
Dark Pit
Wolf"
Pigownz,,ED2D03DE-AEF3-4A04-94B2-0C20F82298EF,,,,
Caio Moraes,,34DBF330-32AF-4322-B8EE-118024780744,,,,
Torras,,,,,,
Pepo,,4C18CA55-3869-47DC-ACAF-D2F0C0A434A2,,,,Snake
ForCE.WasF | Mister Leo,CE,1A9B3DD7-354B-4162-BAC4-3E7138AE0E42,,Leonardo Karbage,https://twitter.com/Mister_Leo_95,"Luigi
Mr Game And Watch
Donkey Kong"
TSD | FT TomatoRed,,E97E59A6-953E-4106-BCC1-14B4103347E3,,,,
lima,PE,"C5C33B85-076A-4EF8-BF39-EF1005C6744F
B372047F-2E69-4CD2-85DE-A33450462F1D",,Lucas Lima,https://twitter.com/lucasapdl,"Mr Game And Watch
Palutena"
DASH Happu,,"B84C8BE4-BC58-4285-A5E3-D757E2BE98D6
F6A07191-DBE2-42D4-92E0-FED696A9B9D3",,,,"Daisy
Ganondorf"
kkkeaemen,,,,,,
Alma,DF,"7BE396CC-355B-488F-A965-EC27DAC0A608
3BD3E388-1BA8-4D85-98F4-351CA4594163",,,https://twitter.com/_Almacutie,"Bowser Jr
Corrin"
Vini,,C612FB76-735F-45D9-B8F8-929C9F526851,,,,
Dyhaka,,450CD0B2-F755-4BCA-8734-12BF682FB64B,,,,
Pbmn01,,AC3AA9EF-AC7E-43BA-89ED-FCD851D3BD8D,,,,
Guilherme,,DA029C38-9529-4F3A-84A7-D4E2EBF83D42,,,,Joker
Gabix,,99EB5EB8-F0BA-4EFD-9CF2-618E484C9CA7,,,,
Glawzer.Art,,E58228D5-4341-4F0C-8108-6E7CDA47EE7B,,,,
Redcap,,571EF9C3-3851-4D0C-B5C1-8BE23543F654,,,,
Journey,,E8CA1F8B-F9AD-4083-A145-92C084688876,,,,
SmashRS | Balas,,F5C22873-4137-444A-85C1-06468965C250,,,,
Drey,,C0595DB4-B42D-464F-92C3-41DAA0584482,,,,
,,,,,,
Chubbs,,,,,,
CPS | matt,,831FB6F7-4D76-4517-B29B-316E42FF1561,,,,
,,,,,,
Flavio007,,7C1FB527-9FB2-4D85-B05F-9A7DC0149BCE,,,,
Kovac,,"4566E273-A0BE-4B52-91B1-3A12B75667BD
C85AAE18-DEF8-43F1-A0B6-B1753BA96A8B",,,https://twitter.com/kovacssbu,"Inkling
Zero Suit Samus"
dusk,,"636BC374-AF85-48CD-A775-043908760A7E
12EE6C92-C556-49BA-BDD8-57C9AFECFD2F",,,,"Greninja
Richter"
AquinoAK,,3D486F79-2309-4A44-ADB8-7F623D4B1D6C,,,,
URT | Dr. Glawzer,,,,,,
Rafael,,0D02AD7C-4367-4219-BFDE-7CE46D02E937,,,,
Nego | Negobad,,73DE8A1A-5187-4CF4-BB9F-CBE68CCE66E1,,,,
Cheshire,,2C9A56D6-70C4-4AE7-9533-8F49B2FC4A7C,,,,"Palutena
Lucina"
JJ,SC,"AD434BED-B94C-49F7-B129-698BD6D71C71
4BA3DA78-3AA8-49E0-8570-A0456D2590CE",,,https://twitter.com/doutor_amante,Bowser
Don Kane,,497A4CE2-71F1-4AD8-BCCC-6A54A53602B1,,,,Link
:v | Kauan,,5F71BE78-7D1E-40C5-83FF-F0E2639CCDE6,,,,
MrPiruleta | MrPiruleta,,B53C2E53-5EB7-41D2-964A-4E73E42209D7,,,,
TESA | Cm,,,,,,
SmashRS | Loces,RS,1A0CE3B9-4832-4BC5-AE86-B44E69125F59,,,https://twitter.com/__Loces,"Zero Suit Samus
Inkling
Wolf"
Je$ter,,7970DD43-A906-41D4-BB4A-B360873CC092,,,,
Cyber Twilight,,,,,,Rob
UwU | Luvas,,65A77980-DC36-4921-972A-72CA780AAD3E,,,,
borgES | EpicNando23,,C0BFCCA2-90C6-475A-923D-7CFCE557FBD9,,,,
Cauã,,F3FB5BE1-F4F6-42B3-8D88-B184BD19E953,,,,Sonic
SA | Ace,,"36E045A0-49B4-41DE-98D5-1B4EFFFAF47E
C622B38B-0780-47FF-A398-3D05D6BEA69D",,,,"Fox
Falco"
Slashin,PR,"6D607983-E422-4DD4-88CB-BDCF7AFD8EAD
492143A2-235D-471B-AADA-D8305C157E6E",,,https://twitter.com/Pedro_BCA,Zero Suit Samus
Barduk,,,,,,
Giordajani,,48D77706-F61F-414D-9AB8-DE48C82E0661,,,,"Pit
Terry"
Baltazzar,,,,,,
GyoUranio,MS,"1648379F-6236-41E6-928D-DA814C4F8AF0
CC6863B2-D244-43C1-82E3-51997B02B3A9",,,,"Pac Man
Little Mac
Ganondorf
Jigglypuff"
Andreskies,SE,"04DEA80D-DD29-415C-B389-D7D607BC181B
F2100F12-4634-4383-8C00-C5D745E9B348",,,https://twitter.com/vyseskies1,"Palutena
Cloud
Young Link"
Octo,,7C65BA36-2D08-48B4-886D-02A7DB207ABE,,,https://twitter.com/8ctocactus,Piranha Plant
Luiza,,93E83231-C87E-44F3-8100-2B58F032B5E5,,,,
Will Smith | Will Smith,,DC054DCA-899F-4A7A-8C24-DBBDABD7ECE1,,,,
Pussy Master,,39176E18-6E0F-4DFD-A40C-DCA1596CB7EE,,,,
MDA | Mess,,E3979C82-9381-46CD-B175-6A7440099424,,,,
TemaK1BR,,43DFC44D-9B9A-4C86-9F2D-B10CF8B5A0F3,,,,
Borracha,,1E06E38E-DC8A-44AB-B140-D0A671268F11,,,,
DANIBOY,MS,30BCCE24-0BF8-4B35-B76F-FDAE0CBDBCED,,,https://twitter.com/farjados,"Banjo-Kazooie
Luigi
Pichu"
DASH.WasF | Zord,,98D07885-77BF-47A0-B6A1-3D6D53762C27,,,,
Nai,,,,,,
,,,,,,
Many,,119AE253-F077-41B6-8CA6-D48608AF8C55,,,,
Porco,,8282D1F2-B360-4137-B247-DA3CEE963F21,,,,
TWS | MICK,,B68EE06F-5B25-44F6-A095-7DA12101908E,,,,
Dark Xedar,BA,0127070D-4311-4FAE-9CBB-14DD410BB3AA,,,https://twitter.com/DarkXedar,"Sheik
Zero Suit Samus
Lucina"
Reflet,,"E54454D6-D476-4AF4-9D30-13347591C16C
CBA5404F-269C-451D-8B7C-5385877CE133",,,,"Robin
Greninja"
maraturo,,49F45CCA-BDA9-4B2E-8462-CBE431C5FEE8,,,,
GG,,49080B58-543C-4FA8-B46C-7E8E7838EA1E,,,,
relampagobr,,91AB527A-0AFF-4A60-8809-DB5C6EAA8ECF,,,,
Alves,,17A54A8C-81A6-431D-A646-132C9B2E1F5B,,,,
Canibal,,4D6AD852-BF6A-43A2-B030-49D48F9D3880,,,,Peach
Doop,,,,,,
Bira (Viral),,,,,,Fox
Cold,,2E73FFE6-28FE-4073-8656-7ED346CC389C,,,,"Link
Palutena"
ev2 | Téo sem H,,13D0DFC2-1170-4DAB-B894-7BDD7D8A6BDD,,,,
c0ox | c0ox,,79512E5D-CAF2-472E-975B-F9D9F8325129,,,,
Filmeamae,,3BFA1BE3-D8FA-49C0-8B32-693E7316BDBD,,,,
GrootZilla,PR,A4212F68-5BD9-4EB8-B55F-1E4CD3E94F2B,,,,Pac Man
BC | Burtão BRABO,,3669F489-381F-4751-AD0F-DD003FC44B41,,,,
Slash,,3D718BC3-A43B-4338-9D38-F2A8B6B47F9B,,,https://twitter.com/brhuefelipe,"Byleth
Falco
Greninja"
Delta,,261EACBF-80DB-4B9A-B91E-FD5FDD0677E0,,,,Yoshi
Cronos,,AF9BCD0C-1797-44E7-87BE-485DE3FA386E,,,,Ike
Maleson,RJ,F6BD0F35-DC2F-42D1-B260-40F0560AA9BD,,,https://twitter.com/gabrielmaleson,King Dedede
Bruxo,,,,,,
BernieMan,,,,,,
,,,,,,
1uptg | Djudjo,,F0A27030-1038-4E83-89CF-6DF8376B053C,,,,
Nails,PR,"CE53898D-9095-4F86-983E-066419441F10
052F6FFC-0BD9-4DB6-A27E-B0DFB255FFA9",,,https://twitter.com/igrpessoa,Mario
N,,,,,,
1 Bi Lions,,E38EFE3A-B99A-4361-8AD0-77E07D3CCF72,,,,
YudiM,,52836C7B-FBBC-4578-A9CD-CCCFDA51B0A6,,,,
Neviton,,5109289F-AC04-4F95-869B-944A291F2A8A,,,,
Pozim,,36292BDD-6E79-43AB-A322-10569C25BEFD,,,,
Godhook,,,,,,Joker
Alonso,,,,,,Palutena
Signas,MS,6F063704-FE50-469E-9041-D51B4DFB406C,,,https://twitter.com/DaviRomeo,"Zero Suit Samus
Terry
Ken"
Bine,,42604E4A-D035-4EC5-A5F4-56B4D26FFB29,,,,"Dr Mario
Falco
Ganondorf"
Sev7n,,C75C49D3-29CC-480E-98F7-04B6D187CA8D,,,,
Godoy,,2F737A8C-E983-47E8-B965-6920086B722F,,,,
Sofia,,91D868CA-D3B3-43A2-9845-3EA48E7A6237,,,,
dan kyuu,,,,,,
Fofão,,0D690C05-4AE5-4520-8DAF-DCC227E7BF5C,,,,Sonic
Lucky,,2C70E46C-B55F-4135-B8B8-F39E7243026D,,,,
3dd,,6285D88E-BB6B-407E-B3FD-F94B403BF985,,,,Pokemon Trainer
RAY,,,,,,
Cieli,,E0569802-E41B-4939-9E1E-68EDFEC163D0,,,,Toon Link
Proliel,,C5166C19-CBA8-40CC-BBC5-CCA270B9B29F,,,,Young Link
WindWalker,,7233E176-5D2E-447D-94C4-AC1E60365C2A,,,,"Link
Donkey Kong"
PDZ | Preedo,,ECC1714D-7076-4619-86B3-F482F59F78AF,,,,
Begot,,,,,,
GEN | hmo,,B23859EF-5B2A-4ECB-A8BC-105489B14E50,,,,
Gior,,,,,,
Lobi-chan,PR,"3229EE44-754E-413E-A800-D638DDE90C87
3208E33E-51B5-4281-83A7-A8066D481C39",,Cesar Pereira,,Link
SSBPE | Akashi,,818E3529-D97C-4900-8229-781D4376B2A4,,,,
Menaci,,,,,,
ESR | Doommakerguy,,169F5C66-782B-458E-80DE-ADEAF5A8C149,,,,
Kurobo,MS,C94ABAC0-0F5A-4769-AC98-66C18C7B34BF,,,https://twitter.com/Folumpe,"Greninja
Byleth
Lucina
Bowser"
Mad,,6B400BE1-F7CA-44CD-A007-EB2154873C51,,,,"Donkey Kong
Lucina
Mr Game And Watch"
Guizera,,,,,,Inkling
Jo,,9C6633DB-E444-4888-9826-CF3C4769C4C6,,,,
lotus juice,,4500275C-C3D5-46F5-9204-E7E053A27169,,,,
Fiz,,D44BED72-C33C-449E-8278-5466965AF981,,,,
Mad Hatter,,7DB5B30A-7F92-478E-BCA8-E0067DAB6575,,,,
EmmanozX,,62998460-C9AD-4622-93D7-061BE733B83E,,,,
Noir,,6B38D13F-8477-4FD7-AF96-9A04A14613BF,,,,
U7 | LadySander,MG,"AADAB5FC-7BF2-4B8A-A7D5-7294F2E0E841
F365BBE0-3744-42FC-B38B-63F2A8541EE0",,Ana Sander,https://twitter.com/ladysander,Ganondorf
Kermit,,CE188D3D-46B2-45FF-9962-DD63259ECC51,,,,
SUNDEvice,,F702B661-C161-46F4-A0F8-EE0CB7BED3B4,,,,
P,,C6D09213-9780-4348-8E1E-E4736EFC7CDA,,,,Joker
PLG SKPeter,SP,"E638F97B-F647-444E-8F79-4A48EDA3773C
C904FDB7-955E-4145-ACED-2B31CDB542F1",,Samuel Petersen,https://twitter.com/skpeter_,"Dark Samus
Marth
Samus"
Godzrage,SP,70C86D23-EE67-4069-8E2D-644B70168F17,,Bruno Noronha,,Bowser
Avuado,,EC49F2A9-8A00-4095-BA1C-D46E5C4EB73B,,,,"King K Rool
Incineroar"
DanMaster,,605A8508-0191-448C-A17C-24078D2E6C7E,,,,Lucas
Rchepka,,DC4D6CDE-514B-4C53-8DDE-488E2828527E,,,,
atom,,0403847E-D695-4403-A32D-72620C93BCE2,,,,
Caron,,"A1676A3D-AA92-4125-9A75-E5F79DF233EB
3B8F7584-5AF7-4291-9EF3-DA516C52C088",,,,
Bob The Builder,,41D4833B-CB23-4DAD-B532-B00AA7460A5F,,,,Luigi
Tidos,,,,,,
NaSC | Gobi,,B20A3642-0E5D-4102-BE80-B4984CF8AEE8,,,,
Berimbau,PR,"D669E344-8C05-4CF0-9E9D-771F41F70695
2C951117-73BB-49B6-B497-07ED61581542",,,,Banjo-Kazooie
JW,,2A5A2163-BB52-459F-A94B-7423FC7AB24C,,,,Joker
Chur,,A00D9E96-44E3-4A96-B92C-3A37ABF8FC05,,,https://twitter.com/Chur86457407,Wolf
Lukingordex,SP,"A7E9B637-B29A-4C76-BCBD-24A7F7B0A406
193445FE-898D-47F9-B3F5-5C3FBC39E5CD",,Lucas José Magalhães,https://twitter.com/GordexakaLukin,Yoshi
Okita,,F08C6534-54E4-455D-BB60-2BF61AE72449,,,,"Joker
Hero"
GABIS :),,"527B8523-68C3-4066-880B-F67736FEB78D
37140A90-DB88-4E35-97A4-123C2C99C2AD",,,,Bowser Jr
Nicolas Raul,,6229953C-8D35-41E4-A121-74D3182EDCC6,,,,Bowser
borgES | Jubis,,FB9EC2F8-BDF5-4D30-A915-2F737020DE42,,,,
Morphales,,54E3FDB5-C030-4FCB-889E-3D7512C060A5,,,,Banjo-Kazooie
MiMô!!!,,1C5C4696-394B-42E3-BD97-8695CE2A4920,,,,
Marco Polo,,982097A8-067C-4BA0-A689-A6AA0C253DA3,,,,
V2! | Martrix,,7527E6BE-BCB4-46FE-9189-B4A605D8B3E8,,,,Banjo-Kazooie
,,,,,,
Daniellevy22,,,,,https://twitter.com/DanielLevy22,Banjo-Kazooie
FT DH Hunter,SP,00B2EFF2-1AD8-4E77-988C-1C6F138F6CBB,,,https://twitter.com/d8deaga,Rob
Leowulf,,01464F35-AFC9-4064-B524-E1B01A2E7E56,,,,Lucina
,,,,,,
Guizin,,886F23D1-1F62-46C1-9070-E2821F712649,,,,Yoshi
borgES | Jeans,,3F25AE72-C80E-4C40-BE79-0174EDC0B2AD,,,,
Lucca,,56B17084-9F32-43D2-A93F-75885868E917,,,,
Ed,,"1587FAE0-E2BE-452F-B742-093A31878BD3
2A79B1C0-8E12-4487-A615-CED1D57869EE",,Edgar Santos L. Silva,https://twitter.com/The_EdSilva,"Incineroar
Joker"
GOMoura,,859AB5A9-D132-4DBA-9A6F-5273FA0A174A,,,,Young Link
pdrt,,4C2C11F1-C79A-44C4-B8C9-1240653FC72C,,,,Pikachu
Penidson,MG,"9A289266-C272-4330-8EFF-80A2847A6274
400D6511-68DD-4BC6-ADFB-86C7EADD9274",,Gabriel Penido,https://twitter.com/penidson,Donkey Kong
Nióbia,,9C5891B7-29A9-4285-BF0E-570F1DF8FC68,,,,
Flavinha E-Girl,,AEBAACB4-9F11-484F-B507-95352DCE6AC1,,,,
MainNess,,6648E44E-CE5E-46E0-A7D3-5E516B9ACA7C,,,,
Chargeshot,,,,,,Samus
Batuque | R2,,0A92DC66-B3AE-4B2D-8C1A-3D94C86B946D,,,,
Gusmão99 | Guzmano,,00864FF7-220C-4355-AB99-C72FD10E82F5,,,,
Ichy,,A9ED4900-EABD-4B49-A9D1-AB6760226226,,,,Pokemon Trainer
Maycky,,4B160F5E-3826-4379-8E9B-3E2E9C1B2C8C,,,,
Hide | MG,,F03AFF11-1B40-4BA2-9495-0D1DFAC2AA8D,,,,
Bludeni,,132D3DDE-4C23-482C-8169-E934D97EBED8,,,,Pikachu
OwO Guntadela,,57006148-3AB1-4E40-A027-057EFBDEE117,,,,Zelda
Br | Bruno,,56E29348-36FC-4033-B651-26B1F7D638E7,,,,Little Mac
,,,,,https://twitter.com/pokantonio,
Charles,,294CAC59-D9CD-4A63-BAA0-276AB510043A,,,,Simon
Hiura On Ice,SP,,,Vinícius Travasso,https://twitter.com/HiuraOnIceSSB,
ProRD | Savio,PR,95B494CA-F7B4-417F-ACF2-D6817D17D2E0,,,https://twitter.com/guibsavio,"Wario
Bowser"
Monkey,,7590466D-D0BA-4318-A764-3DC3D19680A0,,,,"Mii Brawler
Incineroar
Mario"
sla,,5D072D88-DE37-4801-8677-BE25D14FB227,,,,
TOURONGA,,,,,,
Yuk3R,,5F2EA549-B4B8-427F-B573-67B18D256AEC,,,,
Blaze Z,SP,"8D212AB2-B4FD-4506-B47A-C7166478880A
E6E1B419-1F75-489F-971C-C9EB5E5C5270",,Renan Fukumori,,"Pichu
Wii Fit Trainer
Snake"
CyC | Ppnb,,B4438D8B-C26C-4A75-B2CB-03F33D1052FE,,,https://twitter.com/pkiller_lol,Inkling
Junior,,9A8A1DC1-3587-4F14-9684-2E6AA0286EEF,,,,Mario
Setsuna,,,,,https://twitter.com/SetssP4,
Gita,,E376C963-802E-425C-86AE-61086A1C23FB,,,,
Hb | Penumbrx,,A76C7B49-15BC-4F9B-A5E5-4A899C46553D,,,,
sandwich :),,583C4361-F153-4073-BB51-2CA346708EF8,,,,
,,,,,,
,,,,,,
LePutin,,3CCF8605-E616-4A18-91BE-F3F82C939A9C,,,https://twitter.com/PedroMa126412,"Inkling
Pikachu"
KuririnFaminto,,,,,,"Mewtwo
Young Link"
Danriser,,,,,,
John_Art,,19F77839-C9BF-4CBA-85F7-4E2014C21D4B,,,,
Luzzi,,3E338A1C-A767-43D7-9D73-2E4AC446DF65,,,,
Leaum,SP,331AF295-F8DD-4794-867D-BCF3BD676DEC,,Felippe Leão,,Pokemon Trainer
Joziel Lucas Souza Silva,,F692DEE0-EE5A-4CE3-A3FA-6165BE268DB2,,,,
Barba,,A742CDCB-EA2B-4436-9221-EE943BFA2EA8,,,,Rob
AngolaSSB | Caja Hambrienta,,28DD4A85-A96E-4706-AFE9-E3818E39F479,,,,
Saya,,1F4F376D-B32A-4AA7-93BD-42BC0372C164,,Caio Menezes,https://twitter.com/SayaUlti,
Ighor,,"AFA0E84E-EE09-4C39-BA63-4D4F7506631E
4A640731-97F3-4942-807A-8CD550D87223",,,,Mario
McDaWae,,302AD94D-6C4D-44CE-8838-06C72C03D2E4,,,,
VP,,,,,,
cassoassu,,FF7582D6-DE8D-40D3-8AE7-045EB45C63B3,,,,
Drola,,,,,,
Dan,,CBA4A0A9-7CB4-4B96-B2E6-EEA537725FEC,,,,Ganondorf
Tidus,,3DC493F2-073D-4F09-A21A-2DC54D42DE3C,,,,
Shuraizo,,,,,,
Akashi,,4B1AC4A7-222B-43AB-A6DB-5B5432A292A0,,,https://twitter.com/AkashiVSF,"Dark Pit
Pit
Roy
Hero
Toon Link"
DASH | Quinho,,0B3655D2-502E-439A-99E8-E0575374C4E0,,,,
Lf | Alexandre Zx,,753DF7F8-AB87-40E8-8439-DD23269073D9,,,,
Snowbtf,,64A2A82D-27D8-4BD4-9F59-E8E7C7E4A4ED,,,,"Ganondorf
Roy"
Rafael Olive,,,,,,
Gabriel Menoli,,23685F77-645C-40F7-888E-F5B6B52BC5D3,,,,
PROGETO,,D6FB58D5-63F8-454E-9695-1BC40517997C,,,,Luigi
DASH | Happu,,B84C8BE4-BC58-4285-A5E3-D757E2BE98D6,,,,
Icy,,60A491EC-A24D-40CC-9DC7-EEEF22FCB5DA,,,,King Dedede
Ben1maL,,A8BD8358-D170-45C6-A325-B60FB0D41261,,,,
Yury,,,,,,
SmashRS | MF45,RS,"18A8BAAE-17CB-477D-ABC2-077F508EE33C
CEC03B4F-A252-4251-B1FA-A2B46B89920E",,Martinho Fanto,https://twitter.com/MartinhoFanto,Chrom
Bruno,,"FEE4FFE3-09C8-4E2F-B2B4-D92EE2D6FC8F
35F0B58D-20A1-4896-A6A0-1149FF56B3F8",,,,
LKT,,36413CB8-9CC7-4AA0-BD2E-2D540FA0342D,,,,Bowser
John_Arthur,,19F77839-C9BF-4CBA-85F7-4E2014C21D4B,,,,
UF | Luna,,91275FA2-FB81-4F23-A7E5-A717B809EB79,,,https://twitter.com/luunathediamond,
,,,,,,
Sieg,,EAA110D5-89F1-4959-9A99-F1507B4706B0,,,,
Dukas | Figuliras,,ECE6C404-4E40-43C3-BF0C-C35907B9642A,,,,
ProRD //shout,,,,,,"Young Link
Pokemon Trainer
Sonic"
Acerola,SP,01AD2037-E1C5-4CF3-BD19-FE81BA81AF10,,,,Palutena
Turco,,0DC267E5-BE92-478E-A09C-7FEB239D2770,,,,"Bowser
Ike"
Kydoom,,"CA7C7288-1669-422E-9F0F-E5DFD25D2D6D
3727DF00-2F53-430A-9EE6-FAB81475E578",,,https://twitter.com/Kydrugz,"Chrom
Palutena"
Caio Gois,,0D799A87-9A61-4FA5-A740-F44CD164D239,,,,"Pikachu
Pokemon Trainer"
Yuri,,55E3D90A-7B8B-4C70-B60C-72ACBC012515,,,,Captain Falcon
Ruan,,B43227F9-21A1-4973-B05D-6A1AE683A5BF,,,,
TSD | Ale,,77DC639A-F916-41FE-A68B-1A3DFAEF7F9C,,,,
Tata,,9C027316-6565-407A-B581-81C970F547AE,,,,
,,,,,,
trv | zizi,,47E73438-5B28-473A-A709-9B3A590FC901,,,,
MDA | FantaSlime,,82F7B01D-295B-4629-B11A-E62A57AF7A50,,,,
keldeo05,,6C1FF7FC-3B3D-46E8-B8D5-E36A60D7CB67,,,,
lucaszx2704,,C05DB769-3015-4079-BDB1-DEACCD088A9D,,,,
Alteron,MS,32B064E7-C77C-4403-A83B-2AEF764C62B8,,,,"Mii Gunner
Diddy Kong
Rosalina And Luma
Bowser Jr
Mr Game And Watch"
Josino,,03CFA1A2-C9AC-4C57-8C62-0DDA3C571DE0,,,,Ganondorf
dead_ish,,5ED7471C-075C-43C7-BFB8-4D55A8A31BDD,,Jefferson Bicalho,https://twitter.com/dead_ish,Cloud
PL4Y,,18535CF3-AAE2-4EB3-B62C-DFAC4002A3BF,,,,
Pocket,RJ,C41E37E2-4EA1-47D4-A770-300A22FC9621,,Eduardo Soares,,Zero Suit Samus
Darth,,849AE21A-4B75-4E5D-AEC2-9475326B20F1,,,,"Mr Game And Watch
Piranha Plant
King K Rool
Simon"
Artur,,"B7A1164C-9E86-47F3-9F55-D27F42E30E29
4F9FE6D1-770E-43EC-871F-A778A0E45B86",,,,
Arthunis,,,,,,
Loren-chan,,,,,,Inkling
Pangolin,,A749F35C-4DFC-4961-8942-295B1453C9BD,,,,"Rob
Terry"
SOL | Dannckles,,61F5ED65-A2CA-4269-8D72-5F606BED79BC,,,https://twitter.com/picklepanncake,Wii Fit Trainer
Felix,PE,5996BBF5-EF56-4BD9-ACE6-906F67B5651A,,,https://twitter.com/Felix_SSB,"Ike
Little Mac
Ness"
plm | ogabriel,,,,,,
Weasless,,,,,,
TSL | NackseH,,B6456C46-8021-41EC-9A58-6D20F139A4AB,,,,
BS | Alle-Star,MG,3085E719-26EA-437F-B60A-934A6CE6D268,,André Gustavo A. Ribeiro,https://twitter.com/ssballee,Roy
TwS | FR7,,"D72AED80-ACA2-4D58-B7BE-4193099B2A61
62C5828A-ED53-439F-82ED-ECBDEF6A8A89",,Flavio Ribeiro,https://twitter.com/fr7_gamer,"Sonic
Dark Samus
Mewtwo"
Breno Martins,,,,,,
rapira,,4217FC68-C935-4CE9-BF34-996BDB0880D3,,,,
Yuusha,,E4D47082-C2F7-416F-BC97-C9DFF931154F,,,,
Stefan,,E23C7D9D-B157-43F7-9053-BFE98962ABB5,,,,"Wolf
Young Link"
KenOver,,"335BC18F-7921-452A-AA88-8BAE9911856F
30B9C80C-BBE0-4ED7-A50E-2673E5E847B0",,,,
LukeLeal,,4610F403-F044-4B9A-958A-0F6FAA8F87FE,,,,
JoãoLukinha,,"F9F7A241-D09E-4548-A076-076586698B75
D9E63AC1-F485-47F7-98E3-11605DC026F2",,,,Inkling
Lvis Felipe,,90CFA38D-A42C-4074-8A49-7F4D05B0C68F,,,,Mii Swordfighter
Precs,SP,,,Hygor Marques,https://twitter.com/hygor_l,
Mapa,,0918D2EA-BBB6-4F27-9CD5-E0D995E77605,,,,
KalilAce,,6A834578-B2B7-4EBC-AE06-B7543EF5E031,,,,
Deishuu,,EE201CBA-2F04-4EB8-AE5B-85C651A562BF,,,,
DASH Banze,SP,"388AEBB0-16F1-44FF-A329-D1E18A46987F
15E9AE28-A99C-417F-81FF-D3F19435389C",,Andre Luiz Almeida,https://twitter.com/BanzeBR,Kirby
U7 | Morphales,MG,850686DD-28F3-43D6-B7A8-6A2ED17B4699,,Alexandre Pacheco,https://twitter.com/morphalesbr,"Banjo-Kazooie
Wii Fit Trainer
Zelda"
Ramos,,,,,,
B0ST4,,93F9810E-39FC-477F-AAFA-07BD5AE57521,,,https://twitter.com/EsquizeeM,"Banjo-Kazooie
King Dedede
Palutena
Mega Man"
NeoDuck,,,,,,
Shivan,,11201D26-BE4B-4849-8C31-8BBFDD6F37AD,,Bernardo Gadelha,https://twitter.com/zzzshivan,"Fox
Robin"
Vitu,,BDB2D6BB-AF4E-4391-AC44-5F5D569E2C83,,,,Ike
"o mais foda, | noahccola",,3B318CB4-43DE-4DBF-BE5A-6A1483728C6A,,,,
Doke,,A893FBCF-23A4-49C4-A4B9-E98CE296642E,,,https://twitter.com/dokebu,"Joker
Kirby"
Kéis,,1BF1FE6B-D095-4462-A6C1-13FFFB151182,,,,
Rice,,9707F743-2B2C-4BD1-BC98-48B585C69281,,,,"Hero
Terry"
HawkDK,,6B4363F4-3670-46E8-8458-F77457392F6E,,,,
Benny,,7424CA63-BB38-471C-8A15-8E9B4EBBFA8E,,,,"Ness
Incineroar"
Burtão,,DD31B264-F4C5-47AC-9406-EF1AD7F1CDD9,,,,
Rouanet,,0ED2C312-4891-452D-8D90-362B41711706,,,,
Leo vidon,,8AEAA9AC-BEB0-457D-B2D0-71A6CE45DCFF,,,,
Super FOG,SP,EF22CFBA-2568-47B4-9AD4-7A1658C1B963,,Fabricio Mendonça,https://twitter.com/Super_FOG,"Mario
Banjo-Kazooie"
HieroCant,,B2149E7F-5AEC-47EA-84C8-B0DB27437358,,,,
PUNCH | Testa,,4E8948BA-DF0C-43BA-86BF-094277C2C264,,,www.twitter.com/testamotors,
Kevin,,246709E1-5A33-4131-8B82-51E303B743BE,,,,
,,,,,,
TSD | Hunk,,6B20E1E7-FFA9-428D-A4C0-9CD7B91FB026,,,,
Moon,,331E78D3-F566-4662-B218-2555A16E3975,,,,
S8n,MG,15A9A809-E863-4F47-8B50-B3DF7731A702,,Henrique Nazaré,,Jigglypuff
Fenrir,,C907D95A-E0A7-4080-BFBF-4E4175AA0706,,,,
Considera,,3B305B36-1CF5-4D76-8697-A7BB3D7C37B5,,,,
Noam,,2CC02A95-44F6-49C4-9E65-6D19D2A003F4,,,,
zt | UdonLord,,E4D79C86-4930-4F35-8338-0CBF697F5978,,,,
Kunlight,,146EFC1D-0FC2-4DA8-BBF3-60E4A0BF0C77,,,,"Hero
Joker"
Magician,,,,,,
SBP | Ninrod,,39E23ACA-3714-46CD-A526-B972B57C2F43,,,,
J,PR,A60D6236-6424-4C5A-9995-B992A6C00C34,,,https://twitter.com/joao_cincura,"Link
Richter"
owo | doggo,,2D30FA63-513B-4794-B2CD-058282ECDA7F,,,,
Maths,,3E8CE986-1216-4D13-985D-5F136DDDBB98,,,,"Snake
Peach"
Roeder,,A868484C-A682-4152-91B9-412F60795A58,,,,
Poliswag,,380C5347-4E69-464F-9428-B4FFBD414E3B,,,,
RONALDOCHARUTO,,FA1F925D-41CD-4CF5-BE56-3C840E3EE34E,,,,
,,,,,,
Dannckles,PR,"61EF887B-9652-4C39-AD30-7CEE4C1D3E37
73EE946E-CDD5-4A64-9A43-A2028ABE3EC4",,,https://twitter.com/pickepanncake,Wii Fit Trainer
keldeo 05,,,,,,
,,,,,,
Vieira,MG,5E5C9AE4-022F-4D75-A578-44CAA93C4FAC,,,,"Joker
Cloud
Wolf"
Pablo,,1B94F125-A735-495F-8D22-BF7D82411AF8,,,,
CGReborn | Kai,,7AFD66D4-F6D9-4803-8E51-ABAB37594F85,,,,
Dottori,,8A0EE453-3185-4603-8D87-B0945E38C29C,,,,
E,,3D96A4B8-A414-402A-922A-05E819455C63,,,,
Ana Carolina,,FC1EFE45-73CA-47C9-A40B-28EA1C9A7B75,,,,
,,,,,,
Melorcah,,ADD4766C-4E59-49B3-AB6D-BA0E80760B64,,,,
RyanRyuki,,ED163624-ECD6-4B34-B665-2365E564CF41,,,,
Hb|Fowtha-Z,,A772BBE8-D6EA-426E-840E-3B86DCAFF020,,,,"King Dedede
Zero Suit Samus"
LMS | Marte,,F4855B5B-30B7-482C-9E2D-43CA54CDCBE3,,,,
Garden,MS,D1E0C1BD-DEC0-43CB-B0F5-8DC22B8A19DA,,,,Fox
,,,,,,
Bradal,,4EBAAF61-C258-4B1F-B7F1-1104FD2884AF,,,,
Dodora,,99B4DA42-D1DC-4096-90C3-18BB0C67B41A,,,,
Ferps,GO,A8EC5A6E-75D1-4807-B77C-E9DE79EB2D65,,,,Terry
NaSC | Sancelot,,7634AB94-A9AD-458C-8EDB-30BFF2503154,,,,
Verse,,"57CCD756-F45E-45E0-B24B-505062B58514
F9B6D58A-B51F-43C8-BB0E-19FBC20C701F",,,,King K Rool
Onmalamo,,C6489623-B8E0-4EEC-8333-54B25F796D24,,,,Roy
M8 | Locky,,DB5FA120-E121-4000-9949-791013DBD22D,,,,
idkk | Idkk,,7382C7DE-D3BA-4B10-A780-8295303D29DA,,,,
Acd | Shao,,90E2E483-C887-47CA-913F-029102A18AF6,,,,Chrom
Sei la | PontoCom,,24046EB4-0851-42C5-80E2-4E72A1F98B27,,,,
Ppnb,,,,,https://twitter.com/pkiller_lol,Inkling
DASH Phoca,SP,"BC826B24-F2A5-4017-853A-68129B21FB19
F8CD29C2-2841-4C53-97EF-79F4D2B39606",,Luis Fernando Toriello,https://twitter.com/ManoPhoca,Pokemon Trainer
DT|Darklord420,,6D6E262D-7999-4310-995A-0689D5DBB39B,,,,
Leeto64,,84AD45C8-A4CB-47F5-80B3-D48363139A5F,,,,
ZK | Cang0031910,,73242766-075A-4B3E-BA8F-AA968D3FA193,,,,
Dudi,,F400D963-1582-460F-A958-49F7DCC80682,,,,
FT Tomato Red,SP,"E97E59A6-953E-4106-BCC1-14B4103347E3
50422380-39EE-4186-B57E-453A67596EB0",,,https://twitter.com/Worst_Yoshi_BR,Yoshi
Kirofe,PR,E7BC6805-D4A7-44EA-9975-A88D294AB42E,,,,Pokemon Trainer
Process,,,,,,
Jeg,,5781EE8E-6F4C-438F-9101-E1ECC05BF5BD,,,,
Dario,,768373B5-CFAC-4335-ABA5-9F8DA0AE03F0,,,,
Foux,,71A1515F-FABE-40D2-A095-F36207751DC9,,,,
FRANCIS,,970495E0-0851-49AC-B964-25F7B689537F,,,,
SF | FF,,84314CEC-9CD5-4210-88EC-9C90613A2CB7,,,,
Carlos,,,,,,
Noizaf,,,,,,Yoshi
MDA | Tangero,,BFC4DE3C-E8DB-4A29-BB5C-81277D66EEE8,,,,
Vile,SP,"FB4D9FA7-84B3-4A25-883B-A5983C59E519
EE4771D4-3EBE-41B3-9FA4-86074E2781AB",,,https://twitter.com/Ness_vile,Ness
SlimClick,,5F528892-5677-4F2F-9848-6702580AF756,,,,Marth
Vyse,,"DE6F7FC5-0861-4F79-A3D1-C4FE040F92B0
B4CAA73B-0C5B-41E0-8A47-29E00D40B3EA",,,,"Dark Pit
Pit"
Kunuma,,CD5AF2E8-ACBE-4253-83F0-FB69D7D910A5,,,,
,,,,,,
Lord,,50BCE83B-770C-4B2F-AFE4-1B1F32C913D3,,,,
Leonidas,,2CDF1194-711B-4926-A446-78072DC7AE6E,,,,
Unexpected,,A1A59BD1-FB22-4B39-818A-63DC46990242,,,,
Flames,,45C0F3BF-F708-4C57-8BB8-E2D65BDAC0C3,,,,
,,,,,,
NaSC | F-Zero,,C9FC0661-F7E8-472E-9764-CDA0B331BF5F,,,,
Karones,MS,1653A634-17BC-4B0C-B0CB-C8B84BE9ECAA,,,https://twitter.com/xandeliborio,"Rob
Corrin"
EnexS02,,411CB14C-AE1F-4CEB-8017-7E42421DFEF2,,,,Pokemon Trainer
Gnu,,3629639A-B8EC-4879-8760-75A79B3BC438,,,,
LCS,,23605889-C810-471A-92DC-F2176DA5E6FF,,,,
Herus,,,,,,
Baltar,,81135FB4-CE95-4D03-9772-A8D664666F31,,,,
LukeThomaz,,2D24539D-14F7-49AC-A0FB-4EB58BFE4FA4,,,,
182 | nato,,EC42B23F-FCD5-4D16-B7A5-BFA047591720,,,,
Oppai9001,,,,,,
Nato,,0964FB9E-89BA-40A9-9A0A-770165B97925,,,,"Marth
Rob
Samus
Toon Link"
Mitral,,6AB4F02A-A8AE-444C-8AE7-3B325C12E13D,,,,
TSD | Chur,SP,C845A7D1-E3D5-47E0-B12E-21CFB19DE0E8,,,https://twitter.com/Chur86457407,Wolf
Eli,,,,,,
Bach,,D053B083-CD37-41C1-8F8B-6FE28C705A01,,,,
Vinao,,73FEC4F7-17C1-42F6-9623-691905E7AB62,,,,
Stachi,,,,,,Inkling
Sublime,,C00F508D-DEFB-45DB-9403-E64B9266F032,,,,
Lui,,DBC36303-AE3C-49A2-BCEE-BC123F2AFED8,,,,
,,,,,,
paeto,,ACBA738C-85A1-4514-BB20-ACC51FDB2579,,,,
JR,SC,C240725F-8920-45CD-ACC5-84FE9BDA5799,,,,Donkey Kong
OKSL | Momo,,,,,,
AKA Miguel | Korona Wirus,,56C1D8AA-15B0-444C-982B-F375F327177B,,,,
Renny,,2FD8363A-F2C3-457F-B1ED-51AB5F50866B,,,,
PANCINE | PANCINE,,15DFAC28-D988-43EC-B1F2-12F24DC60458,,,,
TsC | Ecktos,,,,,,
SGW | Godira,,EAE27D58-0D64-4E91-A3B7-864D9FB81144,,,,
Poring,,31443659-AC22-4F61-B65B-C182C3973A44,,,,
Thomé,,2100253C-AC3C-4612-BE4B-E3686BD5BE84,,,,"Jigglypuff
Pokemon Trainer"
TB | GUCCI,,"C9183088-DA2B-4161-A51C-2906BB6E2E63
F40E4C3F-B7EC-4C4A-9047-C06BACA8B441",,,,Joker
USM | Majora,,84629FC6-CD2F-49A3-8AB4-670043C3048A,,,,
just for clash,,,,,,
DLB | Bakugan,,B946D305-A28E-4C25-BB81-36D6969FA563,,,,
Minish,,5FBEC8EB-277F-4EBC-96C2-F862BE148113,,,,
NaSC | Breno,,BE03FF66-83B1-4C57-9870-10F30426A9C8,,,,
Batuque | Peteka,,436204A6-9EFD-4E27-A796-BE206C7C0401,,,,
,,,,,,
FodaGames | Migueloteiro,,0C67F93D-9A17-4D0C-824E-2C163D836C92,,,,
,,,,,,
Chaig,,9C8EE92F-D842-4923-9D46-94F9C98EA876,,,,
Eduardo,,"62990733-C7E7-466B-BE8B-7F903473476A
D02E1E17-108D-49E9-AF9A-542C7215099D",,,,
Mateta,,17D1EF51-2348-419F-A256-07FEA40AB8A1,,,,
,,,,,,
Yguana,,9B6E4AB0-900F-4E46-9459-C5C5C05CFF5E,,,,
TSD | Thoto,,C8C3F2B2-9648-4C31-9644-9B325CDAC4F6,,,,
travagamer | zizi,,ABF653A6-AADE-4C7D-A1BE-34F6ED7AD310,,,,
Pedro,,,,,,
Lot,,96C1CE60-B934-4CAA-9296-C9FE71873098,,,,Bowser
SmashRS | Firpy,RS,83E52E47-796A-42EB-BCE2-95619A7F8983,,,,"Joker
Roy"
Dodõ,,8CDD4F5A-C52F-46E4-A0E4-6AD556F5625B,,,,
MaelSE13,,269AAB18-39B8-43D0-8419-009702525587,,,,"Bowser
Incineroar
Ness"
Storm,SP,5B3F0BE2-0DFF-47AA-907C-6DF208391899,,,,"Cloud
Richter
Byleth"
RSSJ | RafaelSsj,,0C9740D5-612C-426F-9FBB-3A0AF31895C0,,,,
Moreira,,6DBB8F63-1262-4EBE-BB77-4BF815F26CB3,,,,Lucas
ROT | Haxwei,,"996E1A30-BFFA-4B28-B45D-4B37D27F357E
3B66EB94-15F2-4478-B9FF-D9A882ED90C5",,Luiz Fernando Maia,https://twitter.com/Haxwei,"Robin
Incineroar
Lucina"
ABC | Super FOG,,F417F376-7D0A-424D-A4A1-2AD92DDD7DFC,,,,
Enrico Resende,,25C525BF-40DA-426D-95CD-59F7585E1C5C,,,,
LØUiS,,EAAD1C68-FFD8-4A62-8A1E-22723ECC232C,,,,
Lunachi,PR,1AC48A63-92E7-4203-9982-1AB4AC62AD64,,,,Robin
Xefrito | pimentz,,E9D15C33-F12A-4216-B7E1-624936C17985,,,,
WaLL,,,,,,
ForCE | ramzaq,,"8571238B-ADF5-4182-8D0F-307FC0FC6678
53D9BEB9-2787-485E-A9C9-F2A169595D26",,,https://twitter.com/ramzaq01,"Yoshi
Wolf
Wario"
Ratrux,,FB23874D-FE19-40F5-888F-E03DEE897C23,,,,
plm | dambis,,,,,,
Logic,,F8D1AF54-292A-469A-8D3D-D42A0F9AC034,,,,
Lily,,,,,,"Pikachu
Pichu"
gegeasyleon,,,,,,
Zohup,,670CB0F9-7832-4CAA-BA79-CFF95CA84503,,,https://twitter.com/Zohup,Banjo-Kazooie
ROT | Sully,,"35FAB60B-8C36-48FF-AC4A-AAEC89F0E9B5
C370B998-B7C2-450C-8CBE-E76A9C39CE45",,Paulo Silva,https://twitter.com/PRicardogs,"Peach
Pikachu"
LGBTQ+ | Hiura On Ice,,C81C240E-DDD6-4F98-A100-29D2B8F6656E,,,,
Bahia | DroiG64,,67EDD91A-7198-451E-AEBF-53D13400A2BF,,,,
ManyTheGuy,,"848D9F04-3EA9-4A65-B684-07E00696B376
98B1E0D0-783D-46CC-B194-8FB495520B58",,,,
TRT | Emanos,PR,"C7D0B25C-52BD-4316-A714-33E04C87D10F
7010BB62-4EAF-49EF-A456-DB5FAA06C9AF",,,https://twitter.com/TheEmanos,"Banjo-Kazooie
Inkling
Palutena"
SIGMA | 4Queen,,,,,,
ROT | FireEmblem,RJ,"48A8DAEC-DB25-4F77-BA11-86BA6D525244
8202ADDD-6B1D-45F5-A466-12BA4BC5BC24",,,https://twitter.com/CaioMarinho_,"Bowser
Wolf
Byleth"
Velvet,,08EF83A7-3AB4-4EAE-A01E-2CFF3109A276,,,,
Damin,,,,,,
dokebu,,F8E97B01-9526-4898-8FFA-47861F729754,,,,
freddy | Maleson,,7BFEF890-EC85-4AAE-90E6-4AEC54DC08E8,,,,
Davi,,"9F3407DB-C89F-4AA4-A61D-A42DA0595675
5F599212-BEF8-447C-8FC5-D225956679CD",,,,
Tod,,,,,,
Afro,,74E6CB47-6553-4E80-8ACE-F6EB31A4B599,,João Nery,,"Lucina
Wolf"
Chrono,,A30CA6D8-3C09-46CA-8BDE-C66FFD3944D6,,,,Peach
Manolos | Ikex,,219E9F85-AC17-4E34-B0B0-798F7C37287F,,,,
Pedrovisk,,69C21FF1-563F-4C30-ABE4-3883E52265F5,,,,
Sora,,"7EB5271F-8A53-45F2-B2CE-111F12DE2222
AF19962C-8EC9-4AA4-8ED1-395B82639EE4",,,,Wario
TMBR | ALLE,,3E7AE565-80A6-498A-A661-9A923AECCCE0,,,,
,,,,,,
Faris,,D21AA7BD-D78D-4CF3-A43B-B99A7201E210,,,,
Victor,,490B8EE9-EA8F-4784-A8B5-C9CCB51D1C2E,,,,
Pryter,ES,"52FD5ACF-27BD-4C26-8E78-01DDDE31406D
966E154A-6679-4957-BE04-D6FA595B5D8F",,João Machado,https://Www.twitter.com/joaotassis,Ness
C0ox,,,,,,
Leon,,,,,,"Link
Inkling"
Tavito,MS,D3F3F0DB-EADE-4C86-9438-75CC8D457D32,,,https://twitter.com/NinTavitoficial,"Dark Pit
Yoshi"
JBuddha,PR,DF8367A0-0DC1-437C-AF6D-DB13DDD88E88,,,,Ness
Enrico,,,,,,
SobCE | JrSilver,,339DE2F0-855B-4BC5-A63D-07171E23E166,,,,
Miduz,,883BFDF5-ACD5-41E1-897A-95B8C2960E3A,,,,Donkey Kong
MomoTheLemurFTW,,0844736D-5524-4327-818D-D9ED0C3AF58D,,,,
Porpino,,22D90F33-F27D-401C-B87A-145C8E46CA4C,,,https://twitter.com/Bruno_Porpino,Greninja
Abreu,,959E94F5-6027-4781-99DC-D75AF474238F,,,,Little Mac
Kairin,,745C0352-A365-4A8F-BE38-CA9EEBFB83EB,,,,
Filipe,,2E0C4714-09E7-4C59-8344-7F9AF4A4D723,,,,
Danny,,1319E931-210A-483D-A3C2-9CEC7BAA22B3,,,,Meta Knight
Anthony,,8A6E8D37-15C9-477C-B1D9-5896A66FA8C7,,,https://twitter.com/Lept_Anty,"Zero Suit Samus
Snake
Hero"
Hiru,,A8DE4393-0BEA-49D8-A2F0-FE41C2F3CAC9,,,,"Luigi
Bowser Jr"
Misaki The Ironic,,CE97B8F3-6731-4F8D-82D0-B63BA49D0A90,,,,
Seyden,,C14A2002-5254-4FC8-9EAB-C4B3216928C5,,,https://twitter.com/SeydenSSBU,"Link
Fox"
Bubbles,SP,"6AF6DC29-6B94-4A18-993B-0299BA5F1DAA
01378094-0492-4071-BF19-B3A12A883ED5",,Bruno Bulhões da Silva,https://twitter.com/bubbles_bruno,"Bayonetta
Zero Suit Samus"
Ic,,2B210133-A5F4-44E7-ACC4-F088F9F6E299,,,,Pokemon Trainer
Smat,,8E1F4BD0-5660-4D3B-AD5B-C0B794E0F155,,,,
Guatita | GuatitaJr,,84DF619F-85A3-49DB-9451-5FA44857CA7B,,,,
Seyaru,,03F05ABE-A0B3-4FA5-BFE9-7453A247AC7C,,Vanderly Junior,https://twitter.com/vanderkuga,Fox
Guarani,,F5F42739-6E3A-4237-9AD5-FDB2FE502C6D,,,,
FranLisboa,,F20B4493-40BB-46E5-ABD5-5809E1E9B011,,,,
,,,,,,
Miidas,,0521D99A-5B13-4D1E-AAB1-7FAED9E4A560,,,,
Luciano,SP,,,,,Hero
Kev | FT.InBloom,,7B4E6958-CF5A-472C-90D4-25D9A20F77A2,,,,
OwO | Purin,,"60CC1FD0-AE3D-4DC4-8BF9-039B2619B186
81F2F5B9-515D-4D57-9760-0AD07EFDDE78",,,,
GOSTER,,2D5F20A8-2925-48ED-BCB1-3E38E3CD7F6E,,,,Lucina
NaSc | Little Cheese,,D4BEE5B0-6613-4183-9828-52A0EBA6E6A1,,,,Pokemon Trainer
SmashRS | ArTr,RS,0F7A6C64-1C4E-4158-8F96-573106FBFC37,,,,Yoshi
SmashRS | Ant,RS,"99758E9A-12F2-4E71-ADE8-EE9CE64E783C
F9C91C6B-D59B-41DD-8105-FF141671D528",,,https://twitter.com/pokantonio,Fox
Mozart,,D53878BC-E23A-48C6-9C89-3BBEB6C1BFC8,,,,
GabrielFG,,,,,,
SmashRS | uaite,RS,7D1A39B7-B7F7-4F5B-B4E7-BB34E55C048E,,,,"Ness
Lucina"
Landochat,,30237E8E-7E76-4A06-B975-D81FFF9F78DA,,,,
GP | GP12810,,924D1589-BBCB-4B7B-B6ED-2837479510C8,,,,
Mattar128,,,,,,
M,,14401ACA-B1D8-4F0C-BE46-E9781480DA9A,,,,
TwS | Sosser,,,,,,Zelda
Roboto,RJ,E55CE4A7-7320-4B6B-BBD6-31C9B416EE3B,,,,"Banjo-Kazooie
Terry"
Vermelh0,,5698EE9F-FD5E-4F50-B202-31B6764320C0,,,,
,RJ,,,,,
BW | Nuno,,C180A52A-388E-4E10-9475-7EE9C081B994,,,,
~JV~,,,,,,
AnkhGod,,7E901521-37F6-4E85-BE9D-3BA5E458D6D9,,,,
,,,,,,
Bruh's | Mime,,884E72E3-4994-4991-864C-F716913DB046,,,,Greninja
Comunismo,,,,,,
GuiTokio,,68C78295-3A1C-4570-847D-6D4FC6A3E34D,,,,
Dats,,,,,,
Gangue do DST | Lucasria04,,D5D2970C-C73B-4532-8EAD-3930ABFABBBA,,,,
Roy,,34F577EC-CA5B-4FE5-B557-EDE3059E81C7,,,,Snake
Saybot,,"6E4EA257-99ED-4D0F-BFBC-B01CBCEBCADE
8757949F-E2F3-4F92-9695-C8B7B785A2B8",,,https://twitter.com/Saybot_23,"Inkling
Joker"
SOL | Slashin,,3FCAAFEA-C6AA-40FE-85D6-45E46AC87037,,,,
Homarlone,,EBEA6B5A-71D2-427E-B85E-5A48C1F9EE6B,,,,
Eurormar,,8897E962-CF4B-4CED-8457-1459ADBDDC85,,,,
zab,,,,,,
TESA Storm,,5AC149A3-67F6-4318-88B7-985D0C34B5D9,,,,Palutena
Furtado,,ED10A8F5-2184-4401-886E-6F34543C751C,,,,
Ruffz,,"FA0333B9-1325-43F2-B656-09AE6CA584BC
AE20F114-30C2-4F25-A929-99F89B7EC274",,,,
.AR.,,0FD65CC3-88E9-41C4-9688-9426CF75287E,,,,
Jackie,,9CDF56A1-457D-4887-BA97-D955628FCFB1,,,,
Jaum,,0396834B-5754-4EE9-A350-677632652CB3,,,,"Bowser
Pikachu
Wolf"
Garp,,0E21AC0D-D131-4F52-8887-37C21D722AA9,,,,"Piranha Plant
Terry"
Bagno,,698C48EE-7488-42EA-8C5B-B4FEA18A8578,,,https://twitter.com/MagnoDNA,"Chrom
Mario
Villager"
PH,,457A496C-629C-4924-A581-A78EB9F55D69,,,,
Floral Fury,,72360C48-DCDF-475E-96E1-CE11415F130B,,,,
D | Bludeni,,389F1858-7566-49ED-BEA5-879FED99E573,,,,
Dinis,,,,,,
Jeff,,C4F0BDB2-4A64-4A00-8752-6991ED802E1D,,,,
Nebula,,0EF1100A-E866-48F0-B8DC-9E19C6545A36,,,,Lucas
Leobb,,8881952E-0E9C-473B-BA4E-A0D46A2FB5D8,,,,
Tanashi,,C3517A4E-21E8-4A40-897A-AD92343E11F7,,,,
Mafe2233,SP,"05B628E2-9185-47F1-A20B-F7981EEE6CD2
A62BCE98-90E3-40E6-968E-08ED05DE1DC2",,Pedro Garcia,https://twitter.com/mafe2233__,"Bowser
Pac Man
Pikachu
Cloud
Captain Falcon
Ganondorf
Luigi
Mario
Roy
King Dedede
Rob
Shulk
Snake
Terry
Wolf
Donkey Kong
Hero
Jigglypuff
Mega Man
Peach
Pokemon Trainer
Villager
Ice Climbers
Ike
Piranha Plant
Richter"
Claudio,,1167AB76-BA38-4181-AAD1-A6F6A0869213,,,,
cbarry,,44055FA2-BA0C-4A4C-B798-8EE73334E0F5,,,,
TSD | FT.Dusty,,A068EB35-B312-46F4-91E5-57B9AED2BAD5,,,,
Bbrazils,,08BB0805-6D08-400B-B1A7-4EC839FBB1DC,,,,
noob,,F9E812BB-F604-40FC-BFAD-88B55F86B483,,,,"Bowser Jr
King Dedede"
TiagoMD,,3D209BEE-70C0-4CB4-9A42-4183938A1420,,,,
Lucas S,,,,,,
Lunachoz,,6A14CC58-9F0A-4DED-80D6-E5E57049ACAA,,,,
ST | Rawrgna,,EDE07AD3-E0A0-4A4F-8248-4890C54AAAAA,,,,
Ocelot,,,,,,
Thelo,SP,34EF3BAC-B4DD-44F6-BBD3-2C6C08528191,,,https://twitter.com/thelomoren0,Ness
Will,PR,24099BF9-D1D2-4672-84CD-3C95C834E378,,,https://twitter.com/CDV_Will,Wii Fit Trainer
CreScEnt,,,,,,"Pokemon Trainer
Wario
Mario"
Ney,,D4046CBE-6FE7-4507-9D33-6F83CC079E67,,,,"Lucario
Mewtwo
Wolf"
DASH | Banze,,388AEBB0-16F1-44FF-A329-D1E18A46987F,,,,
Juuza,,C854C934-7C84-44A4-82B2-5529AF1F4EB8,,,,Captain Falcon
THC,,,,,,
Cube | marcior,,D47282A8-B563-44BF-AAE6-2C072D9F34CF,,,,
Xiristofer,,962884DF-9D4D-437F-B793-C8CFA1F2946B,,,,
Youpi,PR,"E7548BFB-2457-4091-963D-599C127E7895
6D66EFE2-92A3-4E62-9BC4-B40996E37D96",,,https://twitter.com/dirpessoa,Ridley
Batuque | ArtSaber,,B5EF9951-AB2D-4B7F-A2F7-C234C5DB288D,,,,
SSD4 | Bones,,87E24CA3-BD13-4656-886A-0C44110D9110,,,,
yohan / hanako,,76F70A97-1ED7-4E12-A1AE-225253191829,,,,
Blue9002,,CAD2181E-1711-4587-8563-EC9344CAC4C6,,,,Inkling
Gustavo,,0296DC02-71A1-4B4E-95F6-4608B571453E,,,,Ness
Shino,MG,"8B3E8BA3-E354-4E05-A3F6-EE6B07AA92CB
98A4ECF6-2EE7-4486-96FB-66953664CF49
E7F51E79-42A3-493D-A516-3FF9490FA77E",,João Ribeiro Bezerra,https://twitter.com/joao_shino,Ryu
Gui (Ssilds),,0B097F88-F596-453D-AF35-A9036EC71863,,,,
Thaisa,MS,D69A08F1-0DC5-4833-A3F2-4F37D14E3536,,,,Lucina
MILTO,,,,,,
Gust2,,0B51D75B-53F3-42DC-9F6C-BCFC5EE2C913,,,,
Tatinho,,235612D4-5363-4664-BFB3-907633BB2788,,,,"Inkling
Young Link"
GZ | LCS,,,,,,
Itto,,19B8E6A2-32BD-4513-ACC3-2DD555268989,,,,
Wendell,AM,,,,https://twitter.com/WendellSSB,Snake
Dola,MG,DB346D36-A84B-4F29-8ED0-C310FAAFD710,,Beatriz Hikaru,https://twitter.com/HikaruBeatriz,Robin
Heartwell,PR,"F6615041-7450-4A03-9D1D-D2C6B0ED36CC
412226EC-1864-436B-B8ED-AB937FC57B12",,,https://twitter.com/heartondor,Mr Game And Watch
Edsilva,,,,,,
,,,,,,
Sagu,,C1D423F4-868C-4B8E-938A-C9D5B3428D44,,,,
Guara,,74E972D5-0835-4292-A24C-79E907E4D50A,,,,"Fox
Sonic
Wolf"
DASH dede,SP,011F98DD-BD0C-490A-ADC4-BFD4D944F898,,Anderson Minoru Ogura,https://twitter.com/dede_495,Rob
Artdu | jao,,,,,,
"Chico, O Mal",,BB4B6E20-DB68-4439-B631-171D0002E8EE,,,,
Drezus,,F42FABAD-A428-4E36-9932-667A30BF5D76,,,https://twitter.com/AndreDrezus,Banjo-Kazooie
Luppi,,,,,,
Valadão,,D73A6777-F638-4110-81DB-4B61061BCBB9,,,,
ROT | DJ,,,,,,King Dedede
Traje Fino (Dinis),,CB4843E4-C7E9-4375-9CFB-3BED49F2C641,,,,
Pastheo,,,,,,
DASH Quinho,SP,"0B3655D2-502E-439A-99E8-E0575374C4E0
E3A7DD17-F411-4175-88EF-5D2275D9AF87",,,https://twitter.com/broderquinho,Piranha Plant
Lost,,"4D287A2D-5107-404B-A744-9765DE1D66F2
82F2E9B4-FEBD-4F64-9451-96C20CDC82A7",,,,Joker
Golerinhas,,36318AA3-B0E0-4521-A5C7-9886E502B412,,,,
Thunder,,,,,,
Cannibal,MG,4B001892-D316-476D-9176-FA9D29847EFE,,Rodrigo Lemos,https://twitter.com/rlcs0,"Peach
Inkling"
DLB | Mike,,74359AEB-78D1-4129-82E0-36C9BFACF242,,,,
Zoppello,,8C7DC007-C14C-4DC4-82FA-4C3D92ED0990,,,,
Thellurium,,2C27CC2A-6910-4AC5-8535-E31DD78A9671,,,,
Nasc | Adriano,,D6977C50-00F6-4886-8A2A-9F6227F1B762,,,,
Vini10,,42FAFF72-9C6F-446B-BCDF-0952B964260B,,,,
AquinoAK0,,3D486F79-2309-4A44-ADB8-7F623D4B1D6C,,,https://twitter.com/AquinoAK0,"Samus
Wolf"
Kubas,,,,,,
Headpat,MS,0023D303-1DBD-41C0-A9A7-61DB5ABA05CE,,,https://twitter.com/Headpat2,"Bowser
Ganondorf
Roy
Lucina"
Blanco,PR,"F3D4F7CD-9A5A-4312-919C-A00272558F6D
0F453194-9E4A-4BE4-96C2-95B8A7B4AC74",,,https://twitter.com/Blanco_AF,"Joker
Shulk"
Vitor,,D6A96E9F-9A07-497A-9BBA-0FDDCC390B4B,,,,
gui*,,,,,,
Fabbris,,AC07E053-80F0-4DD7-9229-A1F20DA49EF9,,,,
Rob,,0DE1BE67-7C72-4172-B70A-A24ABA62F2CE,,,,
JGee,,52EAA804-2603-4AB3-83A5-E5C3A24FD306,,,,"Dark Pit
Pit"
Munami,,385CFCE5-4A71-4B2F-9736-6FDDBB94B8A5,,,,Ice Climbers
Salati,,"B063DBFC-6B7D-4B97-950D-D37DB3B08AF6
B005A84C-C5BB-44E1-B0A1-BAEA150F3F7C",,,https://twitter.com/SSB_Salati,"Dark Samus
Ganondorf"
Chousth,,DCFFC2F7-87CF-4390-A29E-C51684A7144A,,,,
Leo,,7E2AF2CD-EB8E-4037-9FDF-CF950C88F1C8,,,,Zelda
Fireball,,80CE4B26-6475-44BC-BEED-993348A5E20F,,,,Robin
Gabe,,2F53DC76-376C-44EF-91B7-1887D0ED6EF8,,,,
ANDRE108X,,B17E171F-0E45-47B0-91E8-9056A1AB6207,,,,
EnzoGulity,,A8E2741B-CED4-48A0-8DE4-25FDF8E8F264,,,,
PTOS | Ren,,,,,,
SKPeter,,,,,,
Beth,,F8948661-6198-49D7-8B1B-903566C3ADE5,,,,
Lastra,SP,F9B2C0B1-5C3B-447C-9734-DF08DAA09BF3,,,,Wii Fit Trainer
Nicolas,,,,,,
Luxos999,,578531CB-094A-4A7D-A349-9D6266B475B6,,,,
Furry | SrRiolu,,98C843E0-1140-4EDE-952E-947B04E32365,,,,
Jedi,,,,,,Yoshi
EpicNando23,,C0BFCCA2-90C6-475A-923D-7CFCE557FBD9,,,,
CDX,,E8DA3FD1-B9A9-453E-92CC-CA3D67B0FB30,,,,Captain Falcon
TF Jaycee,SP,1B18643A-EA43-4969-AC08-DC0536017F60,,Jean Martins,,Peach
CyC | AquinoAK,,D9FAAFA6-1D81-4FDF-8124-0767FA049954,,,https://twitter.com/AquinoAK0,"Samus
Wolf"
Kova,,FD1E9433-6BFB-45D7-A0F7-E142BEC4611A,,,,
Daydreamer,,463F06FA-FC35-4A38-8761-33AA9DF9E977,,,,
RATU,,6FFE9AEC-DF02-45B6-80C7-380BB4DD6526,,,,Peach
Bora,,EAC90367-E213-4754-BC82-9E645207A71D,,,,
s8n,MG,9B8791A5-0A0B-42FA-B046-77E22A1F13CA,,Henrique Nazaré,,"Jigglypuff
Hero"
Pocketman,,2726918D-1ABA-43BB-9317-CCDD1E7D4DED,,,https://twitter.com/nxm_pocketman,"Incineroar
Pokemon Trainer"
PizzaKilla,,C0EF478B-69FE-40F5-B600-E25F1507D641,,,,
Gr3 | Gr3ninja_$hiny,,791FF018-4B59-41E6-9991-2783C245E919,,,,
BleH,,42F8CD2B-13FD-49D5-834D-21A79A447572,,,,
DJ,,,,,,
Nobrejp,,B47B2E48-E631-4CAF-9E6E-CA88F8F40845,,,,Cloud
FT Deku,,7421DE32-6BE5-4025-A305-5124EC13D23B,,,,
KoffingTV,,84E57D7B-484D-41C9-8425-79D18EDCD5B4,,,,
Patiri,,,,,,
CdL | Alchemisia,,FB789708-3265-4DC9-A594-FBE38E5EAEA5,,,,Bowser
TSL_Roy | TSL_Roy,,A95D2D00-B618-4D6B-A231-E160AC0E5706,,,,
Will Of R.,,D1F98BE2-7B11-4194-81EB-8343398B9AFF,,,,
GugaVTW,,D954663E-D748-427A-AB05-0AC3EE7EE8F5,,,,
Lion,,,,,,
Mimok,RJ,B3453FE7-6110-45CA-B665-32782C7A60D5,,,,Wolf
DaniBoy,,D49611C8-6BC8-40F2-B574-AAA2549163F9,,,,Ridley
Cloud,,5B191C7E-1179-43C8-9FBE-28F7320D8DC9,,,,
,,,,,https://twitter.com/aias_vito,
Ampheras,,"D58E29F8-5DE1-41D4-8009-3A0A30BA39BE
FAFA7AAF-9168-4C2B-A8F1-E8D34B25B1E0",,,,Peach
LuLoko,,"5B47D44C-2FA6-4254-8D3A-D1B78831F8EE
0CF5E0CF-ECF3-49CC-BE91-0C48509EA41E",,,,Link
TSD | FT.Deku,,55A51575-18D8-44DC-949B-CB6AD7BBA3E7,,,,
DaftMind,,E8041C14-6E86-4780-8978-98597904A569,,,,
AC_Boyz | Voi,,,,,,
Lavinia,,,,,,
TO+,,7128DA64-08CE-4744-9666-BC8D5E22E9A9,,,,Ganondorf
Samuel,,88ED106C-DE01-4D8A-A983-67960DA4D412,,,,Sonic
FSN DASH Player 7,SP,"BC3CC2A8-FD90-4373-B731-94442A9802EF
636EE486-CB25-411B-BE9A-38C5FBE99213",,Paulo Janini,https://twitter.com/Player7akaP7,"Mr Game And Watch
Pichu"
Iquee,,551621DB-5D31-492F-B30E-FE8BEBB6D4AA,,,,
Mirtos,,F1D37DAC-A4AC-4306-BDAE-05D87C6979C1,,,,"Ice Climbers
Lucario"
WASF | Chocobo,,642BCE7E-6EDE-44B7-9862-CA650A67F012,,,,
Arma,,,,,,
MDA | Borrachus,SP,,,,https://twitter.com/VaciLucina,
Tuxx_,,19A3CBAA-86EE-44D5-8F0E-AEF6013059FF,,,,
AMDS | Bitola,,897A02FB-6CEA-40E5-8BBD-CCE09C40A17A,,,,
,,,,,,
CR | Larc,,695F984C-8348-4F12-ABCF-5C854B912B4A,,,,
Legendlink,,4EBD6B64-96B6-4C1A-828A-549B7E7EDAAB,,,,
juzé*,,,,,,
Sena,,1CBFA18F-5CE2-455E-ABD9-209B4B528C31,,,,"Incineroar
Lucario"
Apocay,,2DE5A474-18FC-43B9-B515-74EADB7ED981,,,,
SmashRS | Déco,,FB979454-266F-4583-97E3-14C0EEF3C94D,,,,
mactoboy,,D3D54BBC-A92A-44F5-B3A3-39B2F881A722,,,,
Melo,,17DE237E-74AC-4F30-BDD4-0FBE53C5784E,,,,
ProRD | 108x,,26CFD7E1-DF99-45D3-BCD0-E3CE4584344C,,,https://twitter.com/p1kapau,"Pikachu
Link
Palutena"
Rocky,,,,,,
SrAnjoBoy | FL,MS,81CA19FD-49CD-434B-9258-3D10A59F508A,,,,"Corrin
Byleth"
Zer8ito,,BB5EA359-0E98-435E-87F2-1164A402B1CE,,,,
Midorima,,585F8667-208A-4D93-8BD4-E6A1FE4544EF,,,,Bayonetta
Mestre,,06BC5D56-08D4-4B81-9230-635FFFC4A26E,,,,Mii Brawler
TFG,,F3AC666B-2AD5-410B-880D-BBC6E401EE92,,,,Peach
Bumbadump!,,93039397-540D-4AC2-8FF1-B237F1974E25,,,,
DLB|GotM,,7948B8B3-2AE8-4163-BFD7-20911B0168C1,,,https://twitter.com/GotM1395,"Falco
Cloud
Wolf"
11950557117 | Doc Marion,,E282BF4E-E422-4B0E-9C9E-7507BA1196C4,,,,
Paulopolis,,F3FBEF5B-D903-4692-BC26-891863A70E10,,,,
Cara,,,,,,
LEGADO | L | Taunt,,,,,,
Faalcon,,A5546805-A622-40DC-931F-3A01E076B4AB,,,,
UF | Ultimate,,AAA7D2BF-F3D0-4A22-878D-715CB12C1A9A,,,,
Numbby,SP,EB4557ED-DA3C-4D6A-ACEE-F09CE34E9A81,,,,"Palutena
Isabelle"
CPS | @@@@@,,0610FB10-78F0-4E8A-B754-5D723534D54C,,,,
Double,,4736ED2E-23D4-412B-867E-4A3A15B63934,,,,Joker
DASH Bozo,,562014B5-B478-4CCF-9145-5CFFF864E260,,,,Dark Samus
Mairo,,663257C9-3F1A-4E41-9F73-ABF8EC7CA5B9,,,,
Windfall,,,,,,
DASH | Phoca,,BC826B24-F2A5-4017-853A-68129B21FB19,,,,
PEDRA,,D00CBB75-4FAC-44F5-97CD-EAA5D35346EE,,,,
TESA | Paulo,,B0E59E8A-CE4F-4D85-8F0B-23C1057678B5,,,,
JoZu,MS,6479E64A-E9D0-402D-B2AB-8BE8F2033475,,,,Mega Man
Rocha,,AB6B7957-5536-4B33-9016-3C4708AD8CE6,,,,
,,,,,,
Italove,,,,,,Mario
Morkez,,24206001-2514-460C-9B4B-7D4F8D79999E,,,,Little Mac
Emmanoel,,,,,,
Gusmento,,E35F936C-2704-4E2F-931F-9BF83DC63EBD,,,https://twitter.com/Math1718,"Bowser
Banjo-Kazooie"
Tesa | Storm,,5B3F0BE2-0DFF-47AA-907C-6DF208391899,,,,
Peum,,281069FE-A3AB-4BEA-8778-FAE257C70E30,,,,
CRS | korinboy,,B83FE4AE-FFA9-4D8D-9E47-B6BD9B33F0C7,,,,
DASH FT DH Hunter,,8E49BFB1-CA74-43E0-B96C-D4FFA398AE69,,,,Rob
TwS | Considera,,1D4833EC-ED06-4E36-AB12-FA9E7FA4CA54,,Fellipe Considera,https://twitter.com/ReiConsidera,"Pokemon Trainer
Wolf
Diddy Kong"
Tio Renato,,411ABA2F-12CC-45E3-8BEC-81B2C3497297,,,,
h0russ | h0russ,,3C590A66-5576-4F6B-B55E-4DB2D675B3E8,,,,
Shelly,,111E9B31-205D-4D16-8F1E-7E7B6DDE65D2,,,,
PEDRO POLLO,,C042359C-F73B-4AEE-B4AC-FC636E0C6307,,,,Corrin
Sigma | Azure,,,,,,
WasF | Discord,PR,"8E650527-DCB7-46B3-8FC7-131FA94AF155
91307453-1C2D-4462-8027-E290F007DE74",,,https://twitter.com/Discord_Ssb,"Incineroar
Mii Gunner"
Booyah,,,,,,
ProRD | frodO,PR,"9E9A50B0-25B3-482D-B017-42C3F478A16C
755B942F-52DD-43FD-AAE4-6F89CE6B083A",,Andrey Brouwenstyn,https://twitter.com/andreyfrodo,Pokemon Trainer
Loren_chan,PR,,,,,
Luvas,MS,E6866271-A5DD-4730-A1DF-D2068B05484D,,,,"Lucas
Isabelle
Villager
King Dedede
Duck Hunt
Hero
Little Mac"
Loko,,B5969062-593B-4C2C-A473-7941B87A75FB,,,,
BC | Burtao,,,,,,
Don,,4AA7AD18-FC18-45DB-BA07-511D9D422EE7,,,,
Juan,,E62C70EB-3150-4C1E-B2A1-84871AD9E700,,,,Joker
TSD | FT.Obelisk,,86B3DEE6-2994-4922-8056-D0162DEEB90F,,,https://twitter.com/O_BeliscoFT?s=09,"Banjo-Kazooie
Bowser"
Rafiq,,EE9F10C8-F712-4401-9ACF-2E8FCB7A3E7F,,,,
TSD FT | NitroCH,,BEA021EC-A95E-4888-826E-0EA16F381D2E,,,,
Theo,,,,,,
Stark,,D18C76F1-2F7E-49F7-95EE-112BCD627C92,,,,Jigglypuff
BiscoitoDaVovo,,8A0A4D9A-11D3-4C33-ACC4-9E03E4DA80A3,,,,
CPS | Lv.100,,2E584937-F7FE-4AC1-9959-B56C4562A45D,,,,
Stormkid,,,,,,
,,,,,,
Marco,,E4ACAF8C-2169-40E2-BC71-A4706FE24939,,,,
Rock | Kakazu,,74281977-6C6F-4AF5-A3C9-8615FA62B343,,,,
ForCE | SENDNUDE,,"A3A5B14C-D936-47CC-B02A-54C51E7BB10D
31C848AA-CEA9-4E50-91BB-49BA1C2FF39E",,,https://twitter.com/tchutchudog,"Roy
Terry"
Rodrigo,,96D793FC-C5DF-476E-B77D-1A843D7244A9,,,,
Gusmão99 | Guzmento,,,,,,
Celo,SP,,,,,Ganondorf
AUG | Ferrantini,,4A0F25B5-FCC4-4E97-A0FA-1589C682ECAB,,,,
Burigato,,BD90AD81-5C12-4E1D-8642-95E065B8DBB8,,,,
NaSC | spaceman,,C063274D-693D-4C0E-8BB4-C6CDA015E244,,,,
Takandre,,C44C9FB6-706C-4F8C-9AEC-B97C1CB4E745,,,,
Gijo,,622D6077-113C-44FA-929F-F123CDCBC9C5,,,,
Teizuru,,,,,,
Boogeyman,,3516919E-EB86-4242-B4A6-F85C9BCD0287,,,,
EMGO | JaMaLL,,25E53368-1495-4C6B-8D58-A2040D5B5E37,,,,
Jojorama,,,,,,
K9 | kodex,,C8D03279-BAE3-499E-A1B9-88FEE64B7E40,,,,
Thi,,C2F42D74-5EC8-4231-8185-9577A25FC0AF,,,,
Tenório,SE,"D81EDFA2-0FFE-498E-BA6D-7001196438A7
0CF98100-928F-4137-8B47-753DBD9D64A4
B663D3C9-A2C9-46AC-BDE0-CD4D1305997E",,Lucas Tenório,https://twitter.com/sotenoriomesmo,Inkling
Lugo,,EDE8E135-B226-4D3F-92C8-52A11C353D8D,,,,"Daisy
Rob"
Fepower,,717E3FB0-EBAE-4E20-961A-A948BF2422BC,,,,
GustavoN64,,F1389B33-5792-4779-AE76-FFB22755A503,,,,
BC | Fexta!,,97C6A321-7A0A-46B0-88E1-F90B829711B8,,,,
TESA | Precs,,01649137-4306-43B9-9EB8-C2B5BAD0AD24,,,,
Deku,,,,,,
Busou,,,,,,
CyC | Ermond,,BCC9FA22-C8DA-4CB1-8AEA-85B20A6A4A4F,,,https://twitter.com/Ermond_Viana,"Joker
Roy"
Kugokan,,0AF2AFF1-1EB5-488D-9957-D5CA5EBF38D7,,,,
Gabriel Sampaio,,DCFF3842-E72B-4340-9787-95CFBAA36222,,,,
Jesus,,,,,,
Punds,,B288E65B-375E-4759-A0FE-4E320CDC9A9F,,,,
Dukas,,"ECE6C404-4E40-43C3-BF0C-C35907B9642A
723D93EC-C421-4216-92A0-AC3BEA05F8C8",,,,"Yoshi
Young Link"
Fumis,,,,,https://twitter.com/Fumis_nao_poke,
Fuentes,,,,,,
Rafario,MG,"7C28921E-5FF2-4618-BE05-3E3A02FF944F
EB527194-5C4C-4A43-9549-FD6C5F38DAE0",,Rafael Ferreira,https://twitter.com/rafamariofan,"Mario
Lucario"
ROT | Conker,,0C0B24A2-6A08-4049-8E21-EFA307A72ECC,,,,Roy
Elias,,,,,,Zero Suit Samus
Lock,,E2668047-26A9-4D39-A886-3261450D3AD0,,,,
Vinikun,RS,"9C2D2044-71A0-4794-B6EF-A5466E588294
A1C4C4C9-F8AD-4F5D-AC3A-EC4774601C99",,,https://twitter.com/vinikun_br,"Rosalina And Luma
Zelda"
Geova,PR,"844ADFF5-3A35-4E3C-9370-DA4A40BB7D84
1A860A71-79CE-4BAE-869A-51601FC8EA47",,Geovani Duarte,https://twitter.com/geovanidu07,"Roy
Chrom
Joker
King K Rool"
mda Mess,,8496930E-E852-48B0-9D44-03D797E594FA,,,,
Gionmaru,,432FBCCF-C69A-44E1-81E4-2FCB1B3504D2,,,,
Dias,,,,,,
RitsuoFox,,,,,,
Renan Valadao,,F93A4689-1EC1-4729-B9D5-22C8D8C3EACB,,,,"Isabelle
Olimar"
SmashRS | Nascente,,A0DF6ED0-86BE-4583-B86C-B890787C9D0F,,,,
Dumas,,A7E237F9-479D-4BD4-8EEB-EC6B011963AA,,,,Bowser
SCGMS | ShyKokiri,,F9ED906A-A540-43B2-AF62-3611D9CE9506,,,,
Abaca,SP,F051DD52-DC01-41B7-9FB9-B2AACB922C1F,,,,Rosalina And Luma
Blinio,,09D715E4-312B-426C-A789-D37CD63DAFE7,,,,
Bruh's | Lodorigo,,F0F74B33-D8F2-4B30-9797-38E4B05B6942,,,,Wario
Yoriiu,,DBC3755C-3B57-402E-8B5F-176314CCDF34,,,,
Lifeonmars,PR,FA23AA41-972E-41C9-94CE-2BFCEB3C05FA,,,,Donkey Kong
Jara,,8C041A3C-8365-4F4A-8090-F93ABA0080B4,,,,
Stew,,06690D0E-CACC-49F9-AD06-901B12A6E558,,,https://twitter.com/strogonf,Villager
Arch,,BB9BC81A-1E05-4930-B5CE-46F6ED9C755E,,,,Samus
LegendaryHero,,,,,,
Mr | Thailomba,,,,,,
OwO | Guntadela,,1F1B0EF6-975B-4593-9CD5-409A025CB1B6,,,,
CyC | Guzma_Sonoda,,85B06E4A-9211-4287-BD24-C032F5B0D903,,,https://twitter.com/Guzma_Sonoda,"Byleth
Chrom"
Hanzor,,971DB289-AE02-496D-8EB5-84BFAB01E0DD,,,,
23,,A92B1D86-D696-4CE0-9964-108AFF6D728C,,,,
Ga1,,"0F2CF57B-9380-4796-B48E-8B5AB5B91867
87CAC9DA-805C-4B16-B416-9E75AAE01FC2",,,,
Pedro Maciel,,91A21CF4-6399-4739-B5FE-272B1E3287F0,,,,
Hyah | BotWRed,,33208A62-0BEE-46BC-820E-02D5C69F6052,,,,
TXR,,0038470D-8803-4C29-844D-9E339DEB9257,,,,"Joker
Lucina"
KEK | GugaVTW,,125B36BB-D505-4141-B55A-54084442AAEA,,,,
nathalia loureiro,,,,,,
BDS | Aoi,,B405CF80-75A4-40DB-B70A-77FB577C944C,,,,
TRT | NightZero,PR,826B8B50-5815-45D2-8061-FB469D23BF4A,,,,
ROT | Fy,,CD3D585D-3BCF-4133-ACE5-9C85D87E11BA,,,,
Gadzura,,A6394042-0739-481B-AA0A-7F14CD1ABB7B,,,,
FSN | Dark Xedar,,"71CD1431-5E4C-453E-A674-CE347754C188
D4F1946B-CBD2-4AC0-B07F-73AA53D4C107",,,,"Lucina
Sheik"
TRT | Pau De Fogo,PR,,,,,Rob
Fl0wey57,,D1678027-BF8F-4800-9D27-9F7E81FF69D1,,,,"Incineroar
Piranha Plant"
Diego,,D054EFFF-7541-465F-BF8E-F7928416F03D,,,,
PePa,,A1CE5386-152B-47FD-AFCA-A82A9BE601BC,,,https://twitter.com/amdspepa,
Aru,,"3AB208A1-4E12-4326-A3D9-03AEE14AB1C4
41027452-92E9-49CF-8D7B-9E23AA920132",,,,"Pac Man
Bowser Jr"
Zap,,,,,,
Victordcm,,43AF6C13-3FC8-4AEB-860C-DC5C7E38AE0D,,,,
CyC | Rudy,,88486838-1963-4F5C-AD33-1DBECF43CC8A,,,,"Little Mac
Terry"
N3rb0,,DC40CF2D-713B-4689-905D-BBD805281EFF,,,,
Matuco,,,,,,
Nackseh,,40B204FE-63A2-41BA-9810-F2E667D3CA96,,,,Link
líquido | FomeCaixa,,482B1A1E-8DA6-45A1-ACA7-E32F3EABDA9D,,,,
Turtle | LucasTurtle,,F9182975-75FC-436A-BAD5-12816C07FFE3,,,,
PinE,,89D196DC-34DD-40DC-A4BD-3EA63A1583E6,,,,"Young Link
Falco"
Crédito,,1E18FE72-5C88-4791-BDD5-7E6A8102D109,,,,
Retro Challenge | Marcelo,,0AA33DAC-AA77-4222-BCD1-425CB7234D4B,,,,
Kage,,,,,,
V2! | Yot,,268D56AA-2EC7-43A9-8B94-05913B2DE018,,,,Joker
,,,,,,
Soji,,02FB6496-2927-4B5F-ADC0-5220CF2F2A85,,,,Villager
,,,,,,
eduardo raphael,,,,,,
União Flasco | Jaaum,,48DE839E-C5AC-4C67-BBC2-7D0605379FFE,,,,
Boochan,,,,,,
,PR,,,,,
grimer,,B769C18B-95AA-4853-889C-76CDEED76E95,,,,
Delong,,D63AB5BE-90AA-49C2-9B62-12047EA15AF6,,,,
Guilherme Miguel,,A7093BBC-848E-4BDB-9A54-4B8046F996B2,,,,
AMDS | 1BiLions,,,,,,
Rickn,,0FB5A398-A9F4-40D6-B3B6-8307DD3C7305,,,https://twitter.com/_RickFracta,"Snake
Terry"
,,,,,,
Kirnic,,8015F509-48E0-45F6-9F0A-AC9862CFDE49,,,,
Pedro Pessoa,,29C95A9A-3102-462C-AF36-8656812EAAAC,,,,
CPS | CELO,,6496EA20-D3C4-4D04-AE67-7432C7AB987F,,,,
VILE,,FB4D9FA7-84B3-4A25-883B-A5983C59E519,,,,
Doc Marion,,"E282BF4E-E422-4B0E-9C9E-7507BA1196C4
B178058E-AF0C-4427-A493-50035854B221",,,,"Little Mac
Mario"
Gordolork,,F5BB1144-2C52-4669-9ACB-6DF024F2292C,,,,
Nishinoya,,,,,,
Paulo Henrique,,1A32336F-2135-4CAF-8379-502BFC34533D,,,,
Dvd,MS,C953E875-1133-4E9F-93C9-9A7FB52FF4C0,,,,Incineroar
Laguna,,,,,,Link
Mkfan,,DDE23571-30DB-46C3-A145-08FFBAE50376,,,,Captain Falcon
Magonha,,89488EDB-1E85-434B-98B4-7619793EDC1B,,,,
dats,,E65BEE36-D219-4E23-AFC1-04674E9AA2BC,,,,
LDJ | IPHILSGOOD,,7079CDBC-2518-4A59-AAB2-C5ECEBECB985,,,,"Dark Samus
Meta Knight
Wario"
inbloom,,,,,,
Wuzido,,09FBA03F-DF68-412D-86DE-CA2AA22858F6,,,,
Celular,,,,,,Mega Man
Arthur Pariz,,,,,,
Andromeda,,720B9E49-5DEC-43B9-B2CC-4D5EBC4D92A2,,,,
Ugiete,ES,AEF7C042-8372-46D0-A087-05A5B3EB01D0,,,,Marth
Minha carteira | Jaaum,,1585BB07-F8B8-49BD-A89E-84845D6C38F3,,,,
Kwaah,,,,,,
Rafaellsg,,BC88306D-7D6B-45A5-A082-22F81220DA5E,,,,
Joker,,,,,,
Waffles,,3D33AF95-A50B-4D33-A91E-F7F7729B0AE3,,,,"Roy
Terry"
SA | Lugia,,A5AA4F0B-B72B-44E0-B587-BD0BB0CCA79E,,,,Pokemon Trainer
VilaValks,,ED815444-4D9A-4D0B-87D6-36EC92EE1D19,,,,
Kowalski_023,AM,"A573E615-EDAD-40CA-8A0C-B96076C4BD3C
42D7756E-B94D-4683-9345-94E784EA6446",,,https://twitter.com/Kowalski_023,"Mii Brawler
Mii Gunner
Mii Swordfighter"
daness,,,,,,
Rock,,7FBBBE06-2C05-4DBF-924B-EBC9DF3456F2,,,,
Zeta,,73FE4CCD-6FE3-43AA-A4F1-271DEC3FE75C,,,,Greninja
The Chazz,SP,"3653AD3D-7231-4B0D-8679-EC6B69266E16
27E5B5B8-5B76-40C7-BB2F-0A866B90E14D",,Marcelo Maciel Del Nero,,Joker
Jpdantas007,,2ED57889-1BB1-47EE-9E15-28996BDF5AA8,,,,
U7 | piu,BA,"C14AE690-0F1E-4104-BFC3-4B9008E122CF
C078F681-8B94-4C3D-98DB-90C452137AD0",,Gabriel Amoedo,https://twitter.com/piuzera_,"Little Mac
Dr Mario
Falco
Incineroar
Mii Brawler
Terry
Sonic"
Møøse,,4738CA9A-E700-4980-AE58-4C5476943279,,,,
IT-Jamal,,04AFD317-9531-4370-97B7-3865851D3BBD,,,,Young Link
PINX | Dor,,A6CBC888-AC5D-4EAE-B662-AB127A3774AA,,,,
Pedro Alvite,,,,,,
Yalda,,5491F795-F3AD-436D-8AD1-9E9DA8BE582A,,,,"Pikachu
Byleth
Lucas"
Wizard_gizard,,,,,,
Artemiz,,94EFE5D6-9F19-409A-B0C5-6D042E41D4FE,,,,
Molan,,16491920-4657-4369-9CA4-ACA26B606DF2,,,,"Ness
Link"
Tertu,,7D4D38E9-66B4-41F8-B0EF-1F80C1C7F712,,,,
dede,,,,,,
LeYumi,,1B9787E4-4868-4BFB-BC98-03C02ABBE998,,,,
IT Dan,,80216C23-E055-489B-BDD8-888CA0CC154D,,,,Roy
Meps,,70345F49-177C-41B3-8863-875AA9D0DFC9,,,https://twitter.com/MepsMegaMain,"Mega Man
Mr Game And Watch
Joker
Meta Knight"
Bebop,AP,B8ED9E5D-58F3-4428-BCD7-37E80D600BA6,,Thiago Branco,https://twitter.com/ThiagoBranco48,"King K Rool
Mega Man"
Batuque | Giangrunge,,5E1E98B7-DB35-4958-AE42-2C8C7696E857,,,,
Blouder,,95C178DF-5FFF-4915-840E-D65EECFD7793,,,,
arthursb,,F6E21A67-C3C2-400E-9EC8-96150981F92B,,,,Ness
TB | Chino,,FE269F5B-DD09-4D05-8674-9A00F54814B3,,,,Mario
Flechinha | Signas,,4152D727-DEEF-43CE-9820-803C19D16F9F,,,,
RCS | Levy,,"DAE19C51-C92E-4368-8320-D3C2C2B9902E
469FBAB5-EFCF-4830-8933-46E39E44C6C5",,,https://twitter.com/DanielLevy22,Banjo-Kazooie
ProRD | oBoi.,PR,2B1FBC64-E030-4549-A332-E53CE8FC260F,,,https://twitter.com/yobovino,"Samus
Joker"
ROT | FyFox,,8430AD86-0775-43D5-8226-2BD488BB7461,,,,"Fox
Link"
UPB | Ono,,,,,,
Xaropinho,MG,8B7F874A-45B5-4A32-85ED-649CAC12B9B2,,Antônio Marcel,https://twitter.com/BrittaniaVon,"Ridley
Yoshi"
,,,,,,
Anderson,,1589F884-69CB-4F21-9815-611FE3DFE929,,,,Link
PasTheo,,,,,,
Louis,,55CBD923-F2FF-41A0-8EA7-F8C0B7B3422E,,,,Lucas
Turtle22,,E3ED3F3E-B483-4F0E-9BF8-EB8523F86997,,,,Terry
.Nara,,9907A47C-5347-495E-87EE-2B9FC1D0F2BC,,,,Lucina
Blip,,8D34B90A-D132-4EEE-9F42-016CB9ED9877,,,,
Thomhack,,60D76835-7C77-480F-B4DA-08AE0F9CB425,,,,
Kuro,,14909648-9873-4C5D-9F91-C7F7C7ADEFC7,,,,
Dom,,4D69497B-9860-486C-B930-16572CAC3922,,,,
gui (ssilds),,,,,,
Noka,,426DF8F1-8025-48CB-A041-C1927E6F0485,,,https://twitter.com/Nokaww,Marth
2cae,SP,ABF00643-1786-497C-B643-4468870E1970,,,https://twitter.com/2cae20,"Lucina
Chrom
Roy"
Fladervy,,C66B54DD-8066-447B-8BB9-50D0E40D45B8,,,,
CPS | Stormbringer,,8CEF3DCA-2287-4EF3-A9BE-A56B2C69B038,,,,
KidSquid,,74397A36-1846-44B9-B80B-9A491C0895CD,,,,
Rich$,,F0D057CA-080D-4C1B-8383-48414A6388CB,,,,
Hugo Pantoja,,5586ABA7-3A1D-4819-A701-5430D53B049E,,,,
Flechinha | Aleh Padilha,,93967379-B789-4074-9743-73D3AB43C13A,,,,
GabrielHT,,70348746-A74B-4A8C-88BF-697137B7A5AA,,,,
Fexta!,,6B87B4B9-4823-4F16-B421-43B40B246F57,,,,Inkling
,,,,,,
ThiFesta,,,,,,
STRriKKer,,8223F86B-825D-40FB-93DB-57B60F6B59D5,,,,"Ganondorf
Hero"
Luiz Melo,,586301CB-6DD1-42E2-97FF-475C6883995A,,,,
Omega,,D4EB6444-3171-4A45-A25E-1717801D79C9,,,,"Ganondorf
Hero"
Blackjet,,12A3B3BB-4CE7-42C2-AD23-34DA5E0BE84B,,,,
FL | Lou,,,,,,
GnC,,,,,,
Fox,,,,,,
Fe-dex,,146FF6E9-051E-4EBD-8126-CD09013847CB,,,,"Duck Hunt
Ganondorf"
Bacabau,,6ACF1D4B-4326-492B-A56A-B42C6A80945E,,,,Luigi
AUG | 9mm Parabellum,,6C2900D6-2949-4247-908E-228983B03F50,,,,
Guizo,,60E43F29-E2D8-4666-A745-328D6C5A7E59,,,,
Jooj,,EC5C7020-544F-48B6-AD25-748F1B9B8341,,,,
Dust,PR,2F4BAD48-7C6C-4346-8049-2B12BAD8B95B,,,,Wolf
FT* | IGU,,9104F379-F526-4F42-9159-E85B29EAF194,,,,
MykeLioner,,301E95B2-C0F7-49CD-9F3F-A474FCBAC89B,,,,
Mael,,,,,,
Celta,,5A561780-A58B-48AA-B64D-FD532490E2D5,,,,
Bidoof,,,,,,
SA | Sabino,RJ,"249CFE7C-6E09-4664-BA0E-5E1030C4314C
D026E055-491D-4BE1-9E85-E55CCC490BB0",,,,Falco
Rodrigo The Useless Guy,,,,,,
Raposo,,EA52552E-38DA-4303-8EFA-590C26309FAD,,,,
Saito,,26C380E5-E68A-4A4E-9908-9046338131F3,,,,
Morgana,,56597A58-B58B-473C-94E5-5407ECFB17A7,,,,
,,,,,,
NGD | Kanebolt,,31FCF492-CE5A-4C87-B990-2DBCBD43F20F,,,,
Pdro,,,,,,
GOD HAND | Femto,,A1312C3A-5036-4307-882D-A393C2B9D1B1,,,,
SithBurrito,,2EEDA0D2-FE63-413D-9CE6-25BC42FA5C20,,,,
Rhyme,,59B30F23-DB3D-4052-B644-5D8BE293652B,,,,
Yoq,PE,"8C3FDE6B-86F9-4E3C-A631-AC0CEB1BF1A8
DD6D53E6-F4BA-4152-8B91-C3A0CFBDB13B",,,https://twitter.com/losleffos,Jigglypuff
Dreamer,,,,,,
Doragoonn,,A75BED44-FA5D-4146-9C0C-63880242CE05,,,,
WasF | Chocobo,PR,"642BCE7E-6EDE-44B7-9862-CA650A67F012
DA1B8061-33B8-43D3-ADC0-7C13C3E750D1",,,https://twitter.com/ChocoboDesigner,"Shulk
Robin
Hero
Mii Brawler"
Ben,,E5DFC063-292F-4DCB-BDF1-D03233027066,,,,
Tuca,,,,,,"Palutena
Lucina
Bowser"
nemid,,,,,,
ASLphoenix,,50AED341-02AB-4A9A-85C1-BA63A0FAD64A,,,,
,,,,,,
mZuzek,PR,"D29BA241-9368-42A1-A5B1-43B4662C8931
AEDFCC3C-A9C8-42DD-9639-034794E8A13C",,,https://twitter.com/mzuzek_vol2,"Wolf
Ridley"
ROT | Ozzy,,"708FF487-07B0-4A79-BB4C-3E3F118466DA
6F798F27-31CD-467A-9DF4-B2328F162082",,,https://twitter.com/Felipe_Ozz,"Falco
Villager
Wario"
Nego,PA,"73DE8A1A-5187-4CF4-BB9F-CBE68CCE66E1
ADA4481E-1069-47D9-ADAA-0D00735BB14C",,,https://twitter.com/snegoSmash2019,Mario
Thaiy,,F2C910F3-5B3D-4D79-B2AC-28E3C7FB37E1,,,,
Riansito,,19E6078A-E208-4BD9-ADFF-22B88AFE968B,,,,
Tiago,,,,,,
,,,,,,
Nascente,,6A4124DF-B36F-4A2B-B032-AB520C89E53A,,,,Joker
Kenover,,,,,,
ForCE | ACrush14,,"4161D0FF-A6CD-4240-BE9A-C3589DE873B6
03A48EE6-E16A-41FD-83B2-AD4A6764FD20",,,https://twitter.com/AndersonCrush14,"Ness
Inkling"
Hb | Sena,,72828881-8393-49F4-A8D3-7699D9263A40,,,,
borgES | 99255,,ED2E95E5-C734-4CE7-8FE6-5A0D3D9FF2A9,,,,
Igor Sanches,,"2BDBA951-9F3F-48A6-A3D0-B886734EAABB
62B1558D-20F3-458C-A89F-E61E145E1FBA",,,,
Loyfe,,,,,,
9in,MG,"EF9C2E27-994D-4798-9624-2F55346F330E
FB5AB482-07C3-4A2F-B532-DB1C1A72FA04",,Rafael Bastos,https://twitter.com/Rafofolette,Lucina
AJ | Saigyouji,,7C5DC736-A2A0-4FEF-A9CF-7F085055F763,,,https://twitter.com/Lord_Lloyd,"Mr Game And Watch
Inkling"
Alpha,,7BA202A7-DB17-48F6-BD5F-C316FC05AA47,,,,"Jigglypuff
Young Link"
Armcz,,,,,https://twitter.com/Armcz_,"Ryu
Roy"
Femto,,39897BE0-12BF-4FE0-A0AA-C242734D84EF,,,,
Caio,,3611A7D0-764B-4B78-A87D-101E171A30AC,,,,
Thico,,4D82D3D4-866B-45FF-ACDF-20EB706DD600,,,,Dark Samus
Ira,,6B727F1F-F3D7-4C55-ABC9-1FD6461B05BF,,,,
Ultimate,RJ,"AAA7D2BF-F3D0-4A22-878D-715CB12C1A9A
52E75FB7-F2BB-4086-9D69-4C547B5175ED",,,,"Luigi
Mr Game And Watch"
Luiz Nogueira,,9250C183-8349-48A7-A511-C2F19FB40EDE,,,,
Conraderas,,92741C6B-D3D7-4677-A3AC-5504FA6EEAD2,,,,"Byleth
Hero
Link
Pikachu"
,,,,,,
Juggernaut,,9796CC5B-1974-4F6D-9ECE-742AED774523,,,,
MDL,,EAADCCD5-D572-4B13-8261-4E2C586A606E,,,https://twitter.com/MDLlegit,"Lucina
Joker
Chrom
Cloud"
IX,,CE64460C-CFDC-4D8F-99DC-7D433BB6C828,,,,
LDJ | I PHILS GOOD,,AB74636A-1DB6-40F3-870A-3D0E96DE10F9,,,,
mono,,,,,,
FantaSlime,,331EE4E2-D46C-478D-874B-9585AF3CFDA9,,,,
,,,,,,
Jabs,,,,,,
Willy,,300C0A05-7002-4872-AA0F-00C3C8636A4A,,,,
Dry Bones,,,,,,
Sparda,,33841A15-4323-4D99-BFD1-5250BB952394,,,,
CREMOSO,,609C1824-188E-414A-A71C-8EF75F29924B,,,,
Lukey,PE,"907275E7-33E9-4630-A5BC-3FA1E1017B95
5AEB0BF1-79E5-4FFC-9BD7-C1949546D637",,,https://twitter.com/Lukey_PE?s=09,Shulk
TSD | Pirilampo,,173C9273-EB09-48A9-851F-2F95BC38BEF4,,,,
Aleh Padilha,MS,C7DE29BF-A859-44FF-BD18-FF79D10E1FC6,,,https://twitter.com/AlehSSPadilha?s=09,"Link
Terry
Joker"
Miguelito Smasher,,CE4FF881-A13E-416B-BCAD-D91356A47FC7,,,,Zero Suit Samus
Majoras,,D95F86B9-1B72-4A8F-BB14-6D0A8ECDD723,,,,
planning,,15AB7EC6-8E81-4A41-84C3-09D15D82D9AA,,,,
JGBOLADO,,B932CADD-3ABC-4949-9FE4-506BA3152351,,,,
Tsun,,6684B028-13B2-4E24-AA01-615A8374C2B2,,,,Palutena
